{
  "type": "FeatureCollection",
  "features": [
    {
      "id": "0",
      "type": "Feature",
      "properties": {
        "name": "Agaléga",
        "id": "6608cbf2-463f-404b-b119-e37648da60a7",
        "intensity": "Minimal",
        "color": "#FFFFE0",
        "layerName": "Chikungunya Outbreak Intensity (July 2026)"
      },
      "geometry": {
        "type": "Polygon",
        "coordinates": [
          [
            [
              56.3859157,
              -10.305127
            ],
            [
              56.3821381,
              -10.3358246
            ],
            [
              56.3818087,
              -10.3593531
            ],
            [
              56.38426,
              -10.3827583
            ],
            [
              56.3894588,
              -10.4057192
            ],
            [
              56.3974317,
              -10.4289665
            ],
            [
              56.4087012,
              -10.4528814
            ],
            [
              56.4173833,
              -10.4687552
            ],
            [
              56.4308583,
              -10.4929615
            ],
            [
              56.4449641,
              -10.5162673
            ],
            [
              56.4781022,
              -10.559502
            ],
            [
              56.4968843,
              -10.5786361
            ],
            [
              56.5004818,
              -10.5822489
            ],
            [
              56.5131503,
              -10.6025853
            ],
            [
              56.5300593,
              -10.6233739
            ],
            [
              56.5473777,
              -10.640336
            ],
            [
              56.5645868,
              -10.6540125
            ],
            [
              56.5858361,
              -10.6672328
            ],
            [
              56.608355,
              -10.6780452
            ],
            [
              56.6347571,
              -10.6868756
            ],
            [
              56.6599941,
              -10.6919915
            ],
            [
              56.6913192,
              -10.6945014
            ],
            [
              56.7160009,
              -10.6933837
            ],
            [
              56.7403624,
              -10.6893089
            ],
            [
              56.7646734,
              -10.6821095
            ],
            [
              56.7878422,
              -10.6720806
            ],
            [
              56.8095698,
              -10.6592804
            ],
            [
              56.8305413,
              -10.6431645
            ],
            [
              56.8514104,
              -10.6232669
            ],
            [
              56.8664816,
              -10.6049903
            ],
            [
              56.8792821,
              -10.5850918
            ],
            [
              56.8896359,
              -10.5638458
            ],
            [
              56.9003484,
              -10.5332145
            ],
            [
              56.9057227,
              -10.5099845
            ],
            [
              56.9082794,
              -10.4862882
            ],
            [
              56.9078305,
              -10.4567948
            ],
            [
              56.9041311,
              -10.4312783
            ],
            [
              56.8968691,
              -10.4052452
            ],
            [
              56.8869162,
              -10.3802818
            ],
            [
              56.8760008,
              -10.3602328
            ],
            [
              56.8628653,
              -10.3415351
            ],
            [
              56.8448398,
              -10.3210395
            ],
            [
              56.8285245,
              -10.3062469
            ],
            [
              56.8227365,
              -10.3017181
            ],
            [
              56.8049719,
              -10.2892414
            ],
            [
              56.7977671,
              -10.2845981
            ],
            [
              56.7839026,
              -10.2561783
            ],
            [
              56.7726352,
              -10.2378407
            ],
            [
              56.756707,
              -10.2163802
            ],
            [
              56.7408138,
              -10.1992173
            ],
            [
              56.7202323,
              -10.1813121
            ],
            [
              56.7012422,
              -10.1677791
            ],
            [
              56.6796429,
              -10.1558707
            ],
            [
              56.6591934,
              -10.1473554
            ],
            [
              56.6361694,
              -10.1406332
            ],
            [
              56.6132854,
              -10.1366294
            ],
            [
              56.5900896,
              -10.1352442
            ],
            [
              56.5653871,
              -10.1366624
            ],
            [
              56.541455,
              -10.1407708
            ],
            [
              56.5181893,
              -10.1476831
            ],
            [
              56.4959234,
              -10.1573003
            ],
            [
              56.4749047,
              -10.1694978
            ],
            [
              56.4570895,
              -10.1827009
            ],
            [
              56.4400341,
              -10.1985898
            ],
            [
              56.4240551,
              -10.2172666
            ],
            [
              56.4104861,
              -10.2377292
            ],
            [
              56.3995286,
              -10.2596741
            ],
            [
              56.3910163,
              -10.2833359
            ],
            [
              56.3859157,
              -10.305127
            ]
          ]
        ]
      }
    },
    {
      "id": "1",
      "type": "Feature",
      "properties": {
        "name": "Saint Brandon",
        "id": "0d286bde-1201-44aa-a213-560165492203",
        "intensity": "Minimal",
        "color": "#FFFFE0",
        "layerName": "Chikungunya Outbreak Intensity (July 2026)"
      },
      "geometry": {
        "type": "Polygon",
        "coordinates": [
          [
            [
              59.2904347,
              -16.5604823
            ],
            [
              59.2933045,
              -16.5835297
            ],
            [
              59.2966161,
              -16.601346
            ],
            [
              59.2624434,
              -16.7996219
            ],
            [
              59.2607646,
              -16.8221174
            ],
            [
              59.2618104,
              -16.8464869
            ],
            [
              59.2656801,
              -16.869749
            ],
            [
              59.2723538,
              -16.8924144
            ],
            [
              59.2817404,
              -16.9141709
            ],
            [
              59.2937116,
              -16.9347187
            ],
            [
              59.3081031,
              -16.9537746
            ],
            [
              59.3287628,
              -16.9754585
            ],
            [
              59.3473545,
              -16.9907556
            ],
            [
              59.3676815,
              -17.0038521
            ],
            [
              59.3894641,
              -17.0145677
            ],
            [
              59.4132253,
              -17.0239426
            ],
            [
              59.4366964,
              -17.0303693
            ],
            [
              59.460788,
              -17.034114
            ],
            [
              59.4882291,
              -17.0357259
            ],
            [
              59.5157432,
              -17.0344646
            ],
            [
              59.5407561,
              -17.0309936
            ],
            [
              59.5662985,
              -17.0244091
            ],
            [
              59.6025808,
              -17.0104988
            ],
            [
              59.6176359,
              -17.00418
            ],
            [
              59.642819,
              -16.9957821
            ],
            [
              59.6664031,
              -16.9856342
            ],
            [
              59.6868819,
              -16.9740838
            ],
            [
              59.7058624,
              -16.9603683
            ],
            [
              59.7257333,
              -16.9435018
            ],
            [
              59.7413831,
              -16.9269966
            ],
            [
              59.7550283,
              -16.9089189
            ],
            [
              59.7653994,
              -16.8932864
            ],
            [
              59.7764116,
              -16.8810863
            ],
            [
              59.8012904,
              -16.8600912
            ],
            [
              59.8298793,
              -16.8299207
            ],
            [
              59.8562627,
              -16.7953228
            ],
            [
              59.8700655,
              -16.7759843
            ],
            [
              59.8814295,
              -16.7552259
            ],
            [
              59.8932125,
              -16.7261021
            ],
            [
              59.8993717,
              -16.7024875
            ],
            [
              59.901934,
              -16.6880322
            ],
            [
              59.9111993,
              -16.6593256
            ],
            [
              59.9180534,
              -16.6234374
            ],
            [
              59.9198445,
              -16.6003647
            ],
            [
              59.9197569,
              -16.5727313
            ],
            [
              59.9251725,
              -16.5465501
            ],
            [
              59.9269445,
              -16.5226849
            ],
            [
              59.9260248,
              -16.4943059
            ],
            [
              59.9225027,
              -16.4723903
            ],
            [
              59.9150363,
              -16.4422543
            ],
            [
              59.907303,
              -16.4199807
            ],
            [
              59.8977428,
              -16.3986414
            ],
            [
              59.8856711,
              -16.378215
            ],
            [
              59.8712112,
              -16.35929
            ],
            [
              59.8545619,
              -16.3421253
            ],
            [
              59.8512028,
              -16.3391632
            ],
            [
              59.8432624,
              -16.317837
            ],
            [
              59.7991791,
              -16.1876164
            ],
            [
              59.7916274,
              -16.1656753
            ],
            [
              59.781518,
              -16.1447181
            ],
            [
              59.767661,
              -16.1230135
            ],
            [
              59.7529285,
              -16.1045252
            ],
            [
              59.7360797,
              -16.0878127
            ],
            [
              59.717342,
              -16.073101
            ],
            [
              59.6969683,
              -16.0605885
            ],
            [
              59.6752332,
              -16.0504437
            ],
            [
              59.6524297,
              -16.0428032
            ],
            [
              59.6259155,
              -16.0371172
            ],
            [
              59.6012157,
              -16.0347835
            ],
            [
              59.5764044,
              -16.0353131
            ],
            [
              59.5483832,
              -16.039239
            ],
            [
              59.5246137,
              -16.0453556
            ],
            [
              59.501757,
              -16.0541444
            ],
            [
              59.4815612,
              -16.0643211
            ],
            [
              59.4603987,
              -16.0780163
            ],
            [
              59.4411255,
              -16.0941107
            ],
            [
              59.4235871,
              -16.1127038
            ],
            [
              59.4096406,
              -16.1315159
            ],
            [
              59.3980231,
              -16.1517534
            ],
            [
              59.3888896,
              -16.1731479
            ],
            [
              59.3823621,
              -16.1954157
            ],
            [
              59.3783316,
              -16.2200943
            ],
            [
              59.3772563,
              -16.2441297
            ],
            [
              59.3774932,
              -16.2503599
            ],
            [
              59.3703931,
              -16.3813165
            ],
            [
              59.3302605,
              -16.4294217
            ],
            [
              59.3171946,
              -16.4489116
            ],
            [
              59.306544,
              -16.4697256
            ],
            [
              59.2984518,
              -16.4915862
            ],
            [
              59.2930266,
              -16.5142015
            ],
            [
              59.290342,
              -16.5372696
            ],
            [
              59.2904347,
              -16.5604823
            ]
          ]
        ]
      }
    },
    {
      "id": "2",
      "type": "Feature",
      "properties": {
        "name": "Rodrigues",
        "id": "64a86342-7bc5-42a1-ad41-d3729738a92f",
        "intensity": "Minimal",
        "color": "#FFFFE0",
        "layerName": "Chikungunya Outbreak Intensity (July 2026)"
      },
      "geometry": {
        "type": "Polygon",
        "coordinates": [
          [
            [
              63.0844018,
              -19.6744942
            ],
            [
              63.0792226,
              -19.7050515
            ],
            [
              63.0769311,
              -19.7453527
            ],
            [
              63.0788372,
              -19.7711303
            ],
            [
              63.0830632,
              -19.7932727
            ],
            [
              63.0898819,
              -19.8148281
            ],
            [
              63.1034513,
              -19.8444267
            ],
            [
              63.1082701,
              -19.8536392
            ],
            [
              63.115561,
              -19.8752609
            ],
            [
              63.1312056,
              -19.9075716
            ],
            [
              63.1450918,
              -19.9295203
            ],
            [
              63.1686337,
              -19.9577409
            ],
            [
              63.184242,
              -19.9738199
            ],
            [
              63.2023575,
              -19.9887564
            ],
            [
              63.2244137,
              -20.0030762
            ],
            [
              63.2482033,
              -20.0146575
            ],
            [
              63.2710927,
              -20.0233797
            ],
            [
              63.3006009,
              -20.0311742
            ],
            [
              63.3280332,
              -20.0349312
            ],
            [
              63.3536253,
              -20.0356236
            ],
            [
              63.4060821,
              -20.0319463
            ],
            [
              63.4534262,
              -20.0269957
            ],
            [
              63.4790109,
              -20.0218896
            ],
            [
              63.5037355,
              -20.0138474
            ],
            [
              63.528364,
              -20.0023797
            ],
            [
              63.5508501,
              -19.9884582
            ],
            [
              63.5743963,
              -19.9693619
            ],
            [
              63.5918951,
              -19.9512829
            ],
            [
              63.6078542,
              -19.9301021
            ],
            [
              63.6190395,
              -19.9111078
            ],
            [
              63.622856,
              -19.9043191
            ],
            [
              63.6403781,
              -19.8869804
            ],
            [
              63.659156,
              -19.8633105
            ],
            [
              63.6812512,
              -19.8261865
            ],
            [
              63.6984759,
              -19.7911528
            ],
            [
              63.7074267,
              -19.7646106
            ],
            [
              63.7124616,
              -19.739774
            ],
            [
              63.715735,
              -19.7007161
            ],
            [
              63.714802,
              -19.6703264
            ],
            [
              63.7105755,
              -19.6452775
            ],
            [
              63.703203,
              -19.6200134
            ],
            [
              63.6941863,
              -19.5992121
            ],
            [
              63.682774,
              -19.5794961
            ],
            [
              63.6660379,
              -19.5569472
            ],
            [
              63.6490877,
              -19.5391498
            ],
            [
              63.630024,
              -19.5233933
            ],
            [
              63.6074364,
              -19.5086691
            ],
            [
              63.5865692,
              -19.4981796
            ],
            [
              63.5396091,
              -19.4778644
            ],
            [
              63.5110058,
              -19.4674433
            ],
            [
              63.4856811,
              -19.4614052
            ],
            [
              63.456909,
              -19.4582005
            ],
            [
              63.4451218,
              -19.4576801
            ],
            [
              63.4190723,
              -19.4535871
            ],
            [
              63.3962214,
              -19.4520566
            ],
            [
              63.3515186,
              -19.4530662
            ],
            [
              63.3253143,
              -19.4557517
            ],
            [
              63.2949389,
              -19.4574148
            ],
            [
              63.2697243,
              -19.4616705
            ],
            [
              63.2452343,
              -19.4687804
            ],
            [
              63.2215812,
              -19.4783097
            ],
            [
              63.1977251,
              -19.4910875
            ],
            [
              63.1778694,
              -19.5048453
            ],
            [
              63.1598265,
              -19.5206919
            ],
            [
              63.1438398,
              -19.5384138
            ],
            [
              63.1299538,
              -19.5568007
            ],
            [
              63.1175983,
              -19.5777312
            ],
            [
              63.1010294,
              -19.6156899
            ],
            [
              63.09218,
              -19.6418477
            ],
            [
              63.0844018,
              -19.6744942
            ]
          ]
        ]
      }
    },
    {
      "id": "3",
      "type": "Feature",
      "properties": {
        "name": "Black River",
        "id": "64631a5f-d907-40c0-81ac-0b4323a3248c",
        "intensity": "Moderate",
        "color": "#FFA500",
        "layerName": "Chikungunya Outbreak Intensity (July 2026)"
      },
      "geometry": {
        "type": "MultiPolygon",
        "coordinates": [
          [
            [
              [
                57.3367419,
                -20.4731721
              ],
              [
                57.3379925,
                -20.4728455
              ],
              [
                57.3382848,
                -20.469712
              ],
              [
                57.3369035,
                -20.4684028
              ],
              [
                57.336123,
                -20.4718077
              ],
              [
                57.3367419,
                -20.4731721
              ]
            ]
          ],
          [
            [
              [
                57.3414028,
                -20.4200848
              ],
              [
                57.3408048,
                -20.4285272
              ],
              [
                57.3417469,
                -20.4283606
              ],
              [
                57.3483619,
                -20.4171179
              ],
              [
                57.3506559,
                -20.4135839
              ],
              [
                57.3465085,
                -20.4137583
              ],
              [
                57.3419555,
                -20.4178482
              ],
              [
                57.3414028,
                -20.4200848
              ]
            ]
          ],
          [
            [
              [
                57.4560282,
                -20.2646193
              ],
              [
                57.4521339,
                -20.2595299
              ],
              [
                57.4481567,
                -20.2282046
              ],
              [
                57.4494326,
                -20.2062111
              ],
              [
                57.4519947,
                -20.2012705
              ],
              [
                57.4581953,
                -20.1988472
              ],
              [
                57.4660248,
                -20.1884274
              ],
              [
                57.4690031,
                -20.1863335
              ],
              [
                57.4691422,
                -20.175769
              ],
              [
                57.4709825,
                -20.1665301
              ],
              [
                57.4677428,
                -20.1643339
              ],
              [
                57.4626519,
                -20.1647426
              ],
              [
                57.4591653,
                -20.1663597
              ],
              [
                57.4506348,
                -20.1694984
              ],
              [
                57.4413726,
                -20.1729761
              ],
              [
                57.4386679,
                -20.1739078
              ],
              [
                57.433392,
                -20.1745498
              ],
              [
                57.4311671,
                -20.1747311
              ],
              [
                57.4276775,
                -20.1792426
              ],
              [
                57.4265407,
                -20.1790552
              ],
              [
                57.4258617,
                -20.1805342
              ],
              [
                57.4244696,
                -20.1813171
              ],
              [
                57.4234879,
                -20.1841594
              ],
              [
                57.4219537,
                -20.1852495
              ],
              [
                57.4185768,
                -20.1876486
              ],
              [
                57.4134299,
                -20.1895342
              ],
              [
                57.4112168,
                -20.1914247
              ],
              [
                57.4061407,
                -20.1972561
              ],
              [
                57.402674,
                -20.1998929
              ],
              [
                57.4028242,
                -20.2022742
              ],
              [
                57.4046803,
                -20.2062727
              ],
              [
                57.4012068,
                -20.2167323
              ],
              [
                57.4001765,
                -20.2169508
              ],
              [
                57.3989135,
                -20.2163132
              ],
              [
                57.3940292,
                -20.2164152
              ],
              [
                57.3870227,
                -20.2267332
              ],
              [
                57.3857948,
                -20.2321341
              ],
              [
                57.3844779,
                -20.2357669
              ],
              [
                57.383751,
                -20.2392172
              ],
              [
                57.3810875,
                -20.241759
              ],
              [
                57.3835793,
                -20.2493588
              ],
              [
                57.3794943,
                -20.2563493
              ],
              [
                57.3783248,
                -20.2611418
              ],
              [
                57.3756695,
                -20.2637672
              ],
              [
                57.3728204,
                -20.2703205
              ],
              [
                57.370681,
                -20.2714731
              ],
              [
                57.3705878,
                -20.2742745
              ],
              [
                57.3681829,
                -20.2751401
              ],
              [
                57.3640402,
                -20.2834272
              ],
              [
                57.362933,
                -20.2974379
              ],
              [
                57.3667629,
                -20.3121137
              ],
              [
                57.3673039,
                -20.3151501
              ],
              [
                57.3705465,
                -20.3168223
              ],
              [
                57.3739234,
                -20.3186698
              ],
              [
                57.3743458,
                -20.3196231
              ],
              [
                57.3775005,
                -20.3204753
              ],
              [
                57.3790856,
                -20.3229603
              ],
              [
                57.3780634,
                -20.3255657
              ],
              [
                57.3718041,
                -20.3300623
              ],
              [
                57.3657534,
                -20.3335296
              ],
              [
                57.362925,
                -20.3422026
              ],
              [
                57.3623269,
                -20.350064
              ],
              [
                57.3604634,
                -20.3541451
              ],
              [
                57.3655884,
                -20.3596439
              ],
              [
                57.3688808,
                -20.3600257
              ],
              [
                57.3713795,
                -20.3631341
              ],
              [
                57.3715496,
                -20.3665439
              ],
              [
                57.3757995,
                -20.3646521
              ],
              [
                57.3759761,
                -20.3657545
              ],
              [
                57.3746022,
                -20.3657939
              ],
              [
                57.3776908,
                -20.3673104
              ],
              [
                57.375534,
                -20.367121
              ],
              [
                57.3723422,
                -20.3693149
              ],
              [
                57.3711524,
                -20.368825
              ],
              [
                57.3708415,
                -20.3683141
              ],
              [
                57.3715362,
                -20.3676616
              ],
              [
                57.3705575,
                -20.367555
              ],
              [
                57.3698492,
                -20.3681386
              ],
              [
                57.3701802,
                -20.3687841
              ],
              [
                57.3695046,
                -20.3688194
              ],
              [
                57.3670792,
                -20.3690548
              ],
              [
                57.3596567,
                -20.3718947
              ],
              [
                57.358954,
                -20.3790871
              ],
              [
                57.3611426,
                -20.3822172
              ],
              [
                57.3616142,
                -20.3811623
              ],
              [
                57.3639009,
                -20.3821042
              ],
              [
                57.3632135,
                -20.3835685
              ],
              [
                57.3640503,
                -20.3833731
              ],
              [
                57.3705738,
                -20.3828998
              ],
              [
                57.3719506,
                -20.3845519
              ],
              [
                57.375007,
                -20.3864816
              ],
              [
                57.3778501,
                -20.3867116
              ],
              [
                57.3784478,
                -20.3873258
              ],
              [
                57.3770763,
                -20.3882792
              ],
              [
                57.3767272,
                -20.3887805
              ],
              [
                57.3768012,
                -20.3895158
              ],
              [
                57.3756024,
                -20.3904024
              ],
              [
                57.3762596,
                -20.3911353
              ],
              [
                57.3791526,
                -20.3906884
              ],
              [
                57.3787808,
                -20.3912045
              ],
              [
                57.3782974,
                -20.3913221
              ],
              [
                57.3771942,
                -20.3917293
              ],
              [
                57.3757231,
                -20.3939074
              ],
              [
                57.3694041,
                -20.3946081
              ],
              [
                57.3672809,
                -20.3963973
              ],
              [
                57.3701656,
                -20.4009477
              ],
              [
                57.3691048,
                -20.4020613
              ],
              [
                57.3688768,
                -20.4059818
              ],
              [
                57.3693754,
                -20.4102947
              ],
              [
                57.3668783,
                -20.4109609
              ],
              [
                57.3666362,
                -20.4117421
              ],
              [
                57.3675585,
                -20.415171
              ],
              [
                57.3654476,
                -20.4168716
              ],
              [
                57.3638825,
                -20.4173039
              ],
              [
                57.363735,
                -20.4188989
              ],
              [
                57.3642485,
                -20.4192427
              ],
              [
                57.3618159,
                -20.4231721
              ],
              [
                57.3598941,
                -20.4253162
              ],
              [
                57.3595538,
                -20.4273293
              ],
              [
                57.357464,
                -20.4285109
              ],
              [
                57.3569222,
                -20.4303181
              ],
              [
                57.3536959,
                -20.4325574
              ],
              [
                57.3524124,
                -20.4363866
              ],
              [
                57.3487847,
                -20.4388446
              ],
              [
                57.3486409,
                -20.4392998
              ],
              [
                57.3469876,
                -20.4408189
              ],
              [
                57.3464173,
                -20.4430421
              ],
              [
                57.3450695,
                -20.443913
              ],
              [
                57.3436761,
                -20.4449208
              ],
              [
                57.339975,
                -20.4447045
              ],
              [
                57.3365203,
                -20.4433297
              ],
              [
                57.3313084,
                -20.4426978
              ],
              [
                57.3252627,
                -20.4424402
              ],
              [
                57.3222211,
                -20.4423371
              ],
              [
                57.3229185,
                -20.437499
              ],
              [
                57.3248832,
                -20.4360902
              ],
              [
                57.3257992,
                -20.4352168
              ],
              [
                57.323703,
                -20.4344502
              ],
              [
                57.3228426,
                -20.4327724
              ],
              [
                57.3211415,
                -20.4345068
              ],
              [
                57.3207392,
                -20.4350849
              ],
              [
                57.3182008,
                -20.4400448
              ],
              [
                57.3167816,
                -20.4429906
              ],
              [
                57.3158134,
                -20.4446144
              ],
              [
                57.3095799,
                -20.4593943
              ],
              [
                57.3088956,
                -20.4618374
              ],
              [
                57.3084938,
                -20.4667028
              ],
              [
                57.3150113,
                -20.4683325
              ],
              [
                57.3182503,
                -20.46429
              ],
              [
                57.3213752,
                -20.4596324
              ],
              [
                57.32721,
                -20.4602735
              ],
              [
                57.3323143,
                -20.460046
              ],
              [
                57.3350233,
                -20.4606353
              ],
              [
                57.3343822,
                -20.4601214
              ],
              [
                57.3361176,
                -20.4600096
              ],
              [
                57.3366437,
                -20.4601979
              ],
              [
                57.3381069,
                -20.4604844
              ],
              [
                57.3384609,
                -20.4609367
              ],
              [
                57.3389974,
                -20.4608362
              ],
              [
                57.3402147,
                -20.4628166
              ],
              [
                57.3411914,
                -20.4627964
              ],
              [
                57.3406452,
                -20.4633355
              ],
              [
                57.3401973,
                -20.4639776
              ],
              [
                57.3365186,
                -20.4626068
              ],
              [
                57.3356873,
                -20.4627437
              ],
              [
                57.3414499,
                -20.4656575
              ],
              [
                57.3462738,
                -20.473671
              ],
              [
                57.3489951,
                -20.4781029
              ],
              [
                57.3531872,
                -20.4804214
              ],
              [
                57.3536351,
                -20.4821551
              ],
              [
                57.3532209,
                -20.4848468
              ],
              [
                57.354707,
                -20.486678
              ],
              [
                57.3608811,
                -20.4887444
              ],
              [
                57.3658604,
                -20.48831
              ],
              [
                57.3694269,
                -20.4868835
              ],
              [
                57.3708401,
                -20.4851041
              ],
              [
                57.3729376,
                -20.4857482
              ],
              [
                57.3729685,
                -20.4822443
              ],
              [
                57.3738391,
                -20.4799141
              ],
              [
                57.3739912,
                -20.4769355
              ],
              [
                57.3767503,
                -20.4781294
              ],
              [
                57.3793692,
                -20.4794642
              ],
              [
                57.380355,
                -20.4786002
              ],
              [
                57.3806027,
                -20.4763952
              ],
              [
                57.382388,
                -20.4750122
              ],
              [
                57.3837613,
                -20.4723748
              ],
              [
                57.3853492,
                -20.4713857
              ],
              [
                57.3842935,
                -20.4695041
              ],
              [
                57.382594,
                -20.4689493
              ],
              [
                57.381667,
                -20.4695041
              ],
              [
                57.3775729,
                -20.4645588
              ],
              [
                57.3801221,
                -20.4628861
              ],
              [
                57.3781909,
                -20.459565
              ],
              [
                57.3789376,
                -20.4574581
              ],
              [
                57.3776073,
                -20.4571686
              ],
              [
                57.3749808,
                -20.4566619
              ],
              [
                57.3770665,
                -20.4525606
              ],
              [
                57.3762168,
                -20.4497941
              ],
              [
                57.3783626,
                -20.449215
              ],
              [
                57.3803968,
                -20.4468265
              ],
              [
                57.3827142,
                -20.447494
              ],
              [
                57.3847025,
                -20.4462217
              ],
              [
                57.384694,
                -20.4443768
              ],
              [
                57.3859833,
                -20.4430526
              ],
              [
                57.3874349,
                -20.443891
              ],
              [
                57.3887137,
                -20.4431189
              ],
              [
                57.3885764,
                -20.4414863
              ],
              [
                57.39084,
                -20.441274
              ],
              [
                57.3918061,
                -20.4432678
              ],
              [
                57.3937583,
                -20.4429227
              ],
              [
                57.3949331,
                -20.4443754
              ],
              [
                57.4003082,
                -20.4449736
              ],
              [
                57.4016118,
                -20.4426111
              ],
              [
                57.4023682,
                -20.4414449
              ],
              [
                57.4019819,
                -20.4406356
              ],
              [
                57.4052542,
                -20.4397007
              ],
              [
                57.4078453,
                -20.4379011
              ],
              [
                57.4090362,
                -20.4345784
              ],
              [
                57.4107313,
                -20.4321605
              ],
              [
                57.4132311,
                -20.431889
              ],
              [
                57.4135852,
                -20.4299989
              ],
              [
                57.4183917,
                -20.4284556
              ],
              [
                57.420662,
                -20.4250627
              ],
              [
                57.4204891,
                -20.421657
              ],
              [
                57.4259087,
                -20.4220148
              ],
              [
                57.4299903,
                -20.4224787
              ],
              [
                57.4333145,
                -20.4210687
              ],
              [
                57.4355546,
                -20.4177997
              ],
              [
                57.4359611,
                -20.418135
              ],
              [
                57.437193,
                -20.4162757
              ],
              [
                57.4396404,
                -20.4172129
              ],
              [
                57.4425147,
                -20.4162414
              ],
              [
                57.4499667,
                -20.4139515
              ],
              [
                57.4510969,
                -20.4140277
              ],
              [
                57.4555364,
                -20.4172091
              ],
              [
                57.4587969,
                -20.4174911
              ],
              [
                57.4590815,
                -20.4220707
              ],
              [
                57.4614638,
                -20.4219031
              ],
              [
                57.4657917,
                -20.4167974
              ],
              [
                57.465502,
                -20.4156813
              ],
              [
                57.4683666,
                -20.4151786
              ],
              [
                57.4658883,
                -20.4120515
              ],
              [
                57.4647939,
                -20.4104024
              ],
              [
                57.4631309,
                -20.4067825
              ],
              [
                57.4633777,
                -20.4037457
              ],
              [
                57.4615458,
                -20.401727
              ],
              [
                57.4532872,
                -20.4013222
              ],
              [
                57.4489582,
                -20.3987831
              ],
              [
                57.4475808,
                -20.3977712
              ],
              [
                57.4405071,
                -20.3948651
              ],
              [
                57.4371099,
                -20.3947417
              ],
              [
                57.4383496,
                -20.3918623
              ],
              [
                57.4421043,
                -20.3921687
              ],
              [
                57.4440283,
                -20.3911269
              ],
              [
                57.4479278,
                -20.3920724
              ],
              [
                57.449226,
                -20.3894591
              ],
              [
                57.4504309,
                -20.3857295
              ],
              [
                57.4506971,
                -20.383637
              ],
              [
                57.4477316,
                -20.3817109
              ],
              [
                57.4429563,
                -20.3787537
              ],
              [
                57.4399338,
                -20.3731003
              ],
              [
                57.4375413,
                -20.3717864
              ],
              [
                57.4402382,
                -20.3672144
              ],
              [
                57.438143,
                -20.3645998
              ],
              [
                57.4408219,
                -20.362959
              ],
              [
                57.4422285,
                -20.3586594
              ],
              [
                57.4397957,
                -20.3553953
              ],
              [
                57.4416196,
                -20.3543542
              ],
              [
                57.4446452,
                -20.3514421
              ],
              [
                57.4452621,
                -20.3498427
              ],
              [
                57.4440873,
                -20.3484596
              ],
              [
                57.4503525,
                -20.3444461
              ],
              [
                57.4531337,
                -20.3454222
              ],
              [
                57.4561747,
                -20.3449114
              ],
              [
                57.4575407,
                -20.3472976
              ],
              [
                57.4620371,
                -20.3468174
              ],
              [
                57.4634315,
                -20.3473624
              ],
              [
                57.463222,
                -20.3511915
              ],
              [
                57.4648568,
                -20.3515065
              ],
              [
                57.469748,
                -20.3468874
              ],
              [
                57.4698613,
                -20.3421222
              ],
              [
                57.4688066,
                -20.3400382
              ],
              [
                57.4665273,
                -20.3375028
              ],
              [
                57.4626908,
                -20.3371709
              ],
              [
                57.4614096,
                -20.3383258
              ],
              [
                57.4595689,
                -20.3364036
              ],
              [
                57.4600988,
                -20.3341791
              ],
              [
                57.4587762,
                -20.3318461
              ],
              [
                57.4539727,
                -20.3264292
              ],
              [
                57.4541968,
                -20.3246926
              ],
              [
                57.4567034,
                -20.3223682
              ],
              [
                57.4589095,
                -20.3204902
              ],
              [
                57.4559332,
                -20.3138331
              ],
              [
                57.45239,
                -20.3108917
              ],
              [
                57.4494635,
                -20.3103596
              ],
              [
                57.4560282,
                -20.2646193
              ]
            ],
            [
              [
                57.3757995,
                -20.3646521
              ],
              [
                57.3761665,
                -20.3629472
              ],
              [
                57.3765964,
                -20.3634823
              ],
              [
                57.3768657,
                -20.3638974
              ],
              [
                57.3766025,
                -20.3642734
              ],
              [
                57.3777515,
                -20.3648109
              ],
              [
                57.3767153,
                -20.3651838
              ],
              [
                57.3757995,
                -20.3646521
              ]
            ]
          ]
        ]
      }
    },
    {
      "id": "4",
      "type": "Feature",
      "properties": {
        "name": "Pamplemousses",
        "id": "3350497c-bbd0-4af4-a566-a815815d4016",
        "intensity": "High",
        "color": "#FF4500",
        "layerName": "Chikungunya Outbreak Intensity (July 2026)"
      },
      "geometry": {
        "type": "Polygon",
        "coordinates": [
          [
            [
              57.6171112,
              -20.1669237
            ],
            [
              57.6242479,
              -20.1616415
            ],
            [
              57.6245268,
              -20.1605941
            ],
            [
              57.627885,
              -20.1614602
            ],
            [
              57.6285501,
              -20.1609365
            ],
            [
              57.6290437,
              -20.1620242
            ],
            [
              57.6303526,
              -20.1597078
            ],
            [
              57.6313611,
              -20.1603624
            ],
            [
              57.6321765,
              -20.1597783
            ],
            [
              57.6323267,
              -20.1611883
            ],
            [
              57.6364251,
              -20.1601409
            ],
            [
              57.6354595,
              -20.1592143
            ],
            [
              57.6359423,
              -20.1585697
            ],
            [
              57.6380452,
              -20.1598991
            ],
            [
              57.6386245,
              -20.1593754
            ],
            [
              57.6381953,
              -20.158912
            ],
            [
              57.6417081,
              -20.157266
            ],
            [
              57.6435169,
              -20.1540878
            ],
            [
              57.6427229,
              -20.153564
            ],
            [
              57.6429355,
              -20.152612
            ],
            [
              57.6274209,
              -20.1195685
            ],
            [
              57.6479247,
              -20.1043896
            ],
            [
              57.6415738,
              -20.1018364
            ],
            [
              57.6007598,
              -20.0757999
            ],
            [
              57.6108482,
              -20.0702719
            ],
            [
              57.6132368,
              -20.0642443
            ],
            [
              57.6126145,
              -20.0512335
            ],
            [
              57.6104151,
              -20.0480978
            ],
            [
              57.5688156,
              -20.0164963
            ],
            [
              57.5693867,
              -20.0151855
            ],
            [
              57.5676217,
              -20.0132301
            ],
            [
              57.5676878,
              -20.0091137
            ],
            [
              57.5707832,
              -20.0061802
            ],
            [
              57.5715338,
              -20.0048875
            ],
            [
              57.5693801,
              -20.0030073
            ],
            [
              57.5643819,
              -20.0033535
            ],
            [
              57.5593431,
              -20.0031566
            ],
            [
              57.5541635,
              -20.0006353
            ],
            [
              57.5529086,
              -20.0003085
            ],
            [
              57.5518491,
              -20.0006689
            ],
            [
              57.5522965,
              -20.0033664
            ],
            [
              57.5521381,
              -20.0055965
            ],
            [
              57.554837,
              -20.0079428
            ],
            [
              57.5570893,
              -20.014831
            ],
            [
              57.5557878,
              -20.0194514
            ],
            [
              57.5523292,
              -20.0220875
            ],
            [
              57.5517042,
              -20.0231963
            ],
            [
              57.5511584,
              -20.0230741
            ],
            [
              57.5494371,
              -20.0257464
            ],
            [
              57.5463971,
              -20.0275854
            ],
            [
              57.5434636,
              -20.0375089
            ],
            [
              57.5414062,
              -20.0410869
            ],
            [
              57.538493,
              -20.0420492
            ],
            [
              57.5347983,
              -20.0443433
            ],
            [
              57.5295518,
              -20.0455237
            ],
            [
              57.526651,
              -20.0472738
            ],
            [
              57.5249321,
              -20.0473175
            ],
            [
              57.5223462,
              -20.0518397
            ],
            [
              57.5218886,
              -20.0567173
            ],
            [
              57.5224618,
              -20.0578532
            ],
            [
              57.5207485,
              -20.0579791
            ],
            [
              57.5207233,
              -20.0588438
            ],
            [
              57.5196113,
              -20.0585391
            ],
            [
              57.5195324,
              -20.0613835
            ],
            [
              57.5193772,
              -20.0642734
            ],
            [
              57.5169131,
              -20.0694578
            ],
            [
              57.5118774,
              -20.075905
            ],
            [
              57.5115929,
              -20.0807479
            ],
            [
              57.5131153,
              -20.0838102
            ],
            [
              57.5158882,
              -20.0846682
            ],
            [
              57.5162274,
              -20.0862039
            ],
            [
              57.5130425,
              -20.0894509
            ],
            [
              57.5083972,
              -20.0908025
            ],
            [
              57.5086199,
              -20.0955066
            ],
            [
              57.5141558,
              -20.1025477
            ],
            [
              57.5171739,
              -20.1037246
            ],
            [
              57.5171117,
              -20.1067714
            ],
            [
              57.5131582,
              -20.107279
            ],
            [
              57.5032702,
              -20.1121778
            ],
            [
              57.4985623,
              -20.118924
            ],
            [
              57.4960785,
              -20.1269218
            ],
            [
              57.4975491,
              -20.136219
            ],
            [
              57.4983779,
              -20.1372735
            ],
            [
              57.4992321,
              -20.1367138
            ],
            [
              57.5003211,
              -20.1384489
            ],
            [
              57.5027163,
              -20.1374794
            ],
            [
              57.5056557,
              -20.1411153
            ],
            [
              57.5083382,
              -20.1403338
            ],
            [
              57.5091002,
              -20.1390958
            ],
            [
              57.5118602,
              -20.1404859
            ],
            [
              57.5151432,
              -20.1405998
            ],
            [
              57.5165688,
              -20.1415145
            ],
            [
              57.5188876,
              -20.1413735
            ],
            [
              57.5211567,
              -20.1434642
            ],
            [
              57.5226708,
              -20.1430727
            ],
            [
              57.5265401,
              -20.144887
            ],
            [
              57.5302897,
              -20.1447656
            ],
            [
              57.5318842,
              -20.1437408
            ],
            [
              57.5429548,
              -20.1415852
            ],
            [
              57.5459985,
              -20.1471741
            ],
            [
              57.5488084,
              -20.15046
            ],
            [
              57.5513595,
              -20.1547755
            ],
            [
              57.5504352,
              -20.1604792
            ],
            [
              57.5500654,
              -20.162712
            ],
            [
              57.5533437,
              -20.1687393
            ],
            [
              57.5549828,
              -20.1715851
            ],
            [
              57.5531958,
              -20.1762239
            ],
            [
              57.5563878,
              -20.1823201
            ],
            [
              57.5553667,
              -20.1841342
            ],
            [
              57.5559471,
              -20.1908317
            ],
            [
              57.5563356,
              -20.1931865
            ],
            [
              57.5635528,
              -20.1972844
            ],
            [
              57.5684747,
              -20.1975456
            ],
            [
              57.579846,
              -20.1901907
            ],
            [
              57.5811889,
              -20.1890764
            ],
            [
              57.5839552,
              -20.1846916
            ],
            [
              57.5845726,
              -20.1807811
            ],
            [
              57.5886009,
              -20.1816025
            ],
            [
              57.591252,
              -20.1776582
            ],
            [
              57.5936393,
              -20.175778
            ],
            [
              57.5941584,
              -20.1733333
            ],
            [
              57.5952949,
              -20.1730521
            ],
            [
              57.600338,
              -20.1723122
            ],
            [
              57.6029072,
              -20.1710237
            ],
            [
              57.6052854,
              -20.1711868
            ],
            [
              57.610164,
              -20.1679884
            ],
            [
              57.6130392,
              -20.1682157
            ],
            [
              57.6152265,
              -20.1666661
            ],
            [
              57.6171112,
              -20.1669237
            ]
          ]
        ]
      }
    },
    {
      "id": "5",
      "type": "Feature",
      "properties": {
        "name": "Flacq",
        "id": "3f9005be-4b02-450a-9f80-fe2291d7f81b",
        "intensity": "Low",
        "color": "#FFD700",
        "layerName": "Chikungunya Outbreak Intensity (July 2026)"
      },
      "geometry": {
        "type": "MultiPolygon",
        "coordinates": [
          [
            [
              [
                57.7970439,
                -20.2601439
              ],
              [
                57.7993428,
                -20.2611992
              ],
              [
                57.8000721,
                -20.2621127
              ],
              [
                57.8031522,
                -20.2622947
              ],
              [
                57.8032852,
                -20.2639215
              ],
              [
                57.8025844,
                -20.2641877
              ],
              [
                57.8029842,
                -20.2651673
              ],
              [
                57.801512,
                -20.2659239
              ],
              [
                57.8027332,
                -20.267474
              ],
              [
                57.8016171,
                -20.2672641
              ],
              [
                57.8013817,
                -20.2677723
              ],
              [
                57.8005627,
                -20.2664308
              ],
              [
                57.7999214,
                -20.2706498
              ],
              [
                57.799008,
                -20.2724333
              ],
              [
                57.8005168,
                -20.2728614
              ],
              [
                57.8003027,
                -20.2742201
              ],
              [
                57.8013303,
                -20.2753139
              ],
              [
                57.7995778,
                -20.2749751
              ],
              [
                57.7999043,
                -20.2763183
              ],
              [
                57.8004492,
                -20.2763622
              ],
              [
                57.7988201,
                -20.277254
              ],
              [
                57.7983607,
                -20.277516
              ],
              [
                57.7976227,
                -20.2788857
              ],
              [
                57.7981722,
                -20.28008
              ],
              [
                57.7989799,
                -20.2802009
              ],
              [
                57.8012761,
                -20.2786557
              ],
              [
                57.803303,
                -20.2787274
              ],
              [
                57.8044899,
                -20.2783739
              ],
              [
                57.8055583,
                -20.2764618
              ],
              [
                57.8099871,
                -20.2748756
              ],
              [
                57.8073183,
                -20.2737982
              ],
              [
                57.8081699,
                -20.2719392
              ],
              [
                57.8076013,
                -20.2712879
              ],
              [
                57.8059537,
                -20.2697123
              ],
              [
                57.8053708,
                -20.2662818
              ],
              [
                57.8050937,
                -20.2642359
              ],
              [
                57.8068827,
                -20.2625027
              ],
              [
                57.8074212,
                -20.2592945
              ],
              [
                57.8086769,
                -20.2573486
              ],
              [
                57.8079683,
                -20.2566155
              ],
              [
                57.8038657,
                -20.2570095
              ],
              [
                57.8020143,
                -20.2559012
              ],
              [
                57.8006807,
                -20.2562008
              ],
              [
                57.7989104,
                -20.254961
              ],
              [
                57.7985204,
                -20.2552874
              ],
              [
                57.7995873,
                -20.2570752
              ],
              [
                57.8002387,
                -20.257177
              ],
              [
                57.7992059,
                -20.2581138
              ],
              [
                57.8037028,
                -20.258745
              ],
              [
                57.8046236,
                -20.2586691
              ],
              [
                57.8033267,
                -20.259666
              ],
              [
                57.8024721,
                -20.2599351
              ],
              [
                57.8016661,
                -20.2612163
              ],
              [
                57.8010378,
                -20.2612921
              ],
              [
                57.8012222,
                -20.2601871
              ],
              [
                57.8007251,
                -20.2602052
              ],
              [
                57.800843,
                -20.2597142
              ],
              [
                57.7998465,
                -20.2598224
              ],
              [
                57.7990986,
                -20.2602099
              ],
              [
                57.7970439,
                -20.2601439
              ]
            ],
            [
              [
                57.8005168,
                -20.2728614
              ],
              [
                57.8004518,
                -20.2722668
              ],
              [
                57.8010743,
                -20.2723085
              ],
              [
                57.8005168,
                -20.2728614
              ]
            ],
            [
              [
                57.8018139,
                -20.2759143
              ],
              [
                57.8032375,
                -20.2768579
              ],
              [
                57.8019751,
                -20.2769683
              ],
              [
                57.8018139,
                -20.2759143
              ]
            ],
            [
              [
                57.8010378,
                -20.2612921
              ],
              [
                57.7999044,
                -20.2613868
              ],
              [
                57.7997243,
                -20.260903
              ],
              [
                57.8002516,
                -20.2610275
              ],
              [
                57.8010378,
                -20.2612921
              ]
            ]
          ],
          [
            [
              [
                57.7998465,
                -20.2598224
              ],
              [
                57.7998808,
                -20.2593534
              ],
              [
                57.799378,
                -20.2597004
              ],
              [
                57.7998465,
                -20.2598224
              ]
            ]
          ],
          [
            [
              [
                57.7963101,
                -20.2591908
              ],
              [
                57.79696,
                -20.2596317
              ],
              [
                57.7974802,
                -20.2594953
              ],
              [
                57.7970058,
                -20.2591506
              ],
              [
                57.7963101,
                -20.2591908
              ]
            ]
          ],
          [
            [
              [
                57.6177495,
                -20.1706235
              ],
              [
                57.6185978,
                -20.1704234
              ],
              [
                57.6211165,
                -20.1724104
              ],
              [
                57.6217806,
                -20.1743982
              ],
              [
                57.6286155,
                -20.1770172
              ],
              [
                57.6319821,
                -20.17791
              ],
              [
                57.6650137,
                -20.2075781
              ],
              [
                57.6280017,
                -20.232787
              ],
              [
                57.6684496,
                -20.2699219
              ],
              [
                57.6509023,
                -20.327405
              ],
              [
                57.6537717,
                -20.3292799
              ],
              [
                57.6583564,
                -20.3274146
              ],
              [
                57.6605294,
                -20.3259387
              ],
              [
                57.6699936,
                -20.3264533
              ],
              [
                57.6727885,
                -20.3272028
              ],
              [
                57.6776862,
                -20.3287371
              ],
              [
                57.6805776,
                -20.3284101
              ],
              [
                57.6824766,
                -20.3270871
              ],
              [
                57.6857704,
                -20.3289181
              ],
              [
                57.6903918,
                -20.3300766
              ],
              [
                57.6911036,
                -20.3307468
              ],
              [
                57.6969981,
                -20.3312069
              ],
              [
                57.7036929,
                -20.3345872
              ],
              [
                57.7061827,
                -20.3348171
              ],
              [
                57.7082766,
                -20.3327639
              ],
              [
                57.7159996,
                -20.3338079
              ],
              [
                57.720268,
                -20.3325818
              ],
              [
                57.723341,
                -20.3320154
              ],
              [
                57.7267601,
                -20.3294955
              ],
              [
                57.730667,
                -20.3299339
              ],
              [
                57.7318297,
                -20.3306163
              ],
              [
                57.7334356,
                -20.326907
              ],
              [
                57.7391418,
                -20.3222382
              ],
              [
                57.7424621,
                -20.3209386
              ],
              [
                57.7462913,
                -20.3206
              ],
              [
                57.749923,
                -20.319334
              ],
              [
                57.751291,
                -20.3169628
              ],
              [
                57.7558857,
                -20.3134408
              ],
              [
                57.7586448,
                -20.3041462
              ],
              [
                57.7596062,
                -20.3013296
              ],
              [
                57.7602946,
                -20.2973597
              ],
              [
                57.7635589,
                -20.2939946
              ],
              [
                57.7668179,
                -20.2913725
              ],
              [
                57.7704642,
                -20.2902662
              ],
              [
                57.7707224,
                -20.2881021
              ],
              [
                57.777341,
                -20.2839584
              ],
              [
                57.7789235,
                -20.2855221
              ],
              [
                57.7813938,
                -20.289736
              ],
              [
                57.7829066,
                -20.2911361
              ],
              [
                57.7836831,
                -20.2924757
              ],
              [
                57.7852938,
                -20.2927575
              ],
              [
                57.7861159,
                -20.2931009
              ],
              [
                57.788357,
                -20.2938679
              ],
              [
                57.7892782,
                -20.2948279
              ],
              [
                57.7894096,
                -20.2937021
              ],
              [
                57.7890328,
                -20.2930631
              ],
              [
                57.7916425,
                -20.2913361
              ],
              [
                57.7912919,
                -20.2903683
              ],
              [
                57.7929016,
                -20.289842
              ],
              [
                57.7927201,
                -20.2890933
              ],
              [
                57.7915007,
                -20.288305
              ],
              [
                57.791869,
                -20.2843785
              ],
              [
                57.7921787,
                -20.2848557
              ],
              [
                57.7925857,
                -20.2851495
              ],
              [
                57.7926125,
                -20.2846338
              ],
              [
                57.7949728,
                -20.2843119
              ],
              [
                57.795322,
                -20.2835688
              ],
              [
                57.7943605,
                -20.2828384
              ],
              [
                57.7922006,
                -20.2831511
              ],
              [
                57.7917128,
                -20.2827948
              ],
              [
                57.791176,
                -20.2838383
              ],
              [
                57.7897342,
                -20.2806903
              ],
              [
                57.7892728,
                -20.279621
              ],
              [
                57.7886029,
                -20.2787643
              ],
              [
                57.7892232,
                -20.278999
              ],
              [
                57.7922475,
                -20.2766258
              ],
              [
                57.7942295,
                -20.2750822
              ],
              [
                57.7933243,
                -20.2736355
              ],
              [
                57.7917941,
                -20.2736908
              ],
              [
                57.7908728,
                -20.273292
              ],
              [
                57.7909277,
                -20.2726668
              ],
              [
                57.790103,
                -20.272619
              ],
              [
                57.79131,
                -20.2714264
              ],
              [
                57.7937725,
                -20.2715318
              ],
              [
                57.793964,
                -20.2710942
              ],
              [
                57.7948813,
                -20.2711383
              ],
              [
                57.7941021,
                -20.2699205
              ],
              [
                57.7947848,
                -20.2691405
              ],
              [
                57.796338,
                -20.2692661
              ],
              [
                57.7961192,
                -20.2680598
              ],
              [
                57.7977727,
                -20.266954
              ],
              [
                57.7966221,
                -20.2654204
              ],
              [
                57.7977392,
                -20.2646165
              ],
              [
                57.797762,
                -20.2623355
              ],
              [
                57.7962814,
                -20.2611768
              ],
              [
                57.7957262,
                -20.2612762
              ],
              [
                57.7936649,
                -20.2594129
              ],
              [
                57.7930038,
                -20.2592694
              ],
              [
                57.7941266,
                -20.2575063
              ],
              [
                57.7948981,
                -20.2576944
              ],
              [
                57.7953239,
                -20.2556573
              ],
              [
                57.7959676,
                -20.2557265
              ],
              [
                57.7983569,
                -20.2524993
              ],
              [
                57.7985917,
                -20.2500774
              ],
              [
                57.7967654,
                -20.2512587
              ],
              [
                57.7953601,
                -20.249467
              ],
              [
                57.7962021,
                -20.2488636
              ],
              [
                57.7948089,
                -20.2488354
              ],
              [
                57.7947899,
                -20.2495778
              ],
              [
                57.7929005,
                -20.2494796
              ],
              [
                57.7924887,
                -20.2480506
              ],
              [
                57.7930453,
                -20.2476866
              ],
              [
                57.7914923,
                -20.2464083
              ],
              [
                57.7911766,
                -20.2448138
              ],
              [
                57.791312,
                -20.2440113
              ],
              [
                57.788045,
                -20.2452941
              ],
              [
                57.7872182,
                -20.2447342
              ],
              [
                57.7870305,
                -20.2435841
              ],
              [
                57.7867321,
                -20.2431638
              ],
              [
                57.7880806,
                -20.2411223
              ],
              [
                57.7878003,
                -20.2399905
              ],
              [
                57.791383,
                -20.2393437
              ],
              [
                57.7927309,
                -20.2391203
              ],
              [
                57.79419,
                -20.238008
              ],
              [
                57.8011798,
                -20.2370967
              ],
              [
                57.8030507,
                -20.2372222
              ],
              [
                57.8033135,
                -20.2376368
              ],
              [
                57.803577,
                -20.23718
              ],
              [
                57.8036166,
                -20.2347301
              ],
              [
                57.8084372,
                -20.2310538
              ],
              [
                57.8064336,
                -20.2311507
              ],
              [
                57.8049631,
                -20.2274875
              ],
              [
                57.8055035,
                -20.2267684
              ],
              [
                57.8046405,
                -20.2265437
              ],
              [
                57.8050603,
                -20.2260718
              ],
              [
                57.804497,
                -20.2256144
              ],
              [
                57.8048404,
                -20.2249795
              ],
              [
                57.8053218,
                -20.224434
              ],
              [
                57.8039338,
                -20.2251186
              ],
              [
                57.8019248,
                -20.2226898
              ],
              [
                57.8000379,
                -20.2210312
              ],
              [
                57.7991863,
                -20.2189963
              ],
              [
                57.7980316,
                -20.2176271
              ],
              [
                57.7977868,
                -20.2161106
              ],
              [
                57.7948766,
                -20.2158608
              ],
              [
                57.7933048,
                -20.2139907
              ],
              [
                57.7903356,
                -20.2051809
              ],
              [
                57.7881584,
                -20.2050796
              ],
              [
                57.786026,
                -20.204264
              ],
              [
                57.7831534,
                -20.1991881
              ],
              [
                57.7833545,
                -20.1983788
              ],
              [
                57.7809975,
                -20.1981384
              ],
              [
                57.7781658,
                -20.1955959
              ],
              [
                57.7762038,
                -20.1935934
              ],
              [
                57.7740707,
                -20.1879947
              ],
              [
                57.7749304,
                -20.185729
              ],
              [
                57.7757652,
                -20.1853986
              ],
              [
                57.7756197,
                -20.184948
              ],
              [
                57.7754326,
                -20.1836729
              ],
              [
                57.7743242,
                -20.1829554
              ],
              [
                57.7743839,
                -20.1811547
              ],
              [
                57.772505,
                -20.1779983
              ],
              [
                57.7712799,
                -20.1728246
              ],
              [
                57.7721469,
                -20.1710723
              ],
              [
                57.7716856,
                -20.1708104
              ],
              [
                57.7721094,
                -20.1697272
              ],
              [
                57.77119,
                -20.1688
              ],
              [
                57.7714428,
                -20.1683991
              ],
              [
                57.7720685,
                -20.1682934
              ],
              [
                57.7719223,
                -20.1678295
              ],
              [
                57.7699509,
                -20.1665832
              ],
              [
                57.7682527,
                -20.1678414
              ],
              [
                57.7648047,
                -20.1641718
              ],
              [
                57.7629562,
                -20.1606561
              ],
              [
                57.7604565,
                -20.1606272
              ],
              [
                57.7566239,
                -20.1592491
              ],
              [
                57.7551102,
                -20.1594023
              ],
              [
                57.7533017,
                -20.1592836
              ],
              [
                57.752996,
                -20.1601736
              ],
              [
                57.7554157,
                -20.1606851
              ],
              [
                57.7557981,
                -20.1623561
              ],
              [
                57.757765,
                -20.1628669
              ],
              [
                57.7575281,
                -20.1644213
              ],
              [
                57.7591179,
                -20.1654978
              ],
              [
                57.7572653,
                -20.1655698
              ],
              [
                57.7569677,
                -20.1659729
              ],
              [
                57.7588817,
                -20.1663846
              ],
              [
                57.7574094,
                -20.1668712
              ],
              [
                57.7581241,
                -20.1673002
              ],
              [
                57.7574755,
                -20.1683113
              ],
              [
                57.7585951,
                -20.1684696
              ],
              [
                57.757727,
                -20.1693334
              ],
              [
                57.7556014,
                -20.1670156
              ],
              [
                57.7550155,
                -20.1674849
              ],
              [
                57.7529705,
                -20.1636708
              ],
              [
                57.7522804,
                -20.1640163
              ],
              [
                57.7505512,
                -20.1612309
              ],
              [
                57.7492499,
                -20.1629279
              ],
              [
                57.7514513,
                -20.166032
              ],
              [
                57.7487192,
                -20.1667199
              ],
              [
                57.7460271,
                -20.1650235
              ],
              [
                57.7469551,
                -20.1632796
              ],
              [
                57.7462408,
                -20.1626887
              ],
              [
                57.7474445,
                -20.1613349
              ],
              [
                57.746651,
                -20.1616458
              ],
              [
                57.7465946,
                -20.1611368
              ],
              [
                57.7459162,
                -20.1605209
              ],
              [
                57.7456489,
                -20.1617231
              ],
              [
                57.7439632,
                -20.1615625
              ],
              [
                57.7441454,
                -20.1600273
              ],
              [
                57.7418876,
                -20.1590983
              ],
              [
                57.7417575,
                -20.1572514
              ],
              [
                57.7407315,
                -20.1560805
              ],
              [
                57.7414182,
                -20.1553163
              ],
              [
                57.7428451,
                -20.155305
              ],
              [
                57.7436605,
                -20.1562744
              ],
              [
                57.7447267,
                -20.155757
              ],
              [
                57.7459793,
                -20.1568019
              ],
              [
                57.7465761,
                -20.155232
              ],
              [
                57.74864,
                -20.155485
              ],
              [
                57.7487473,
                -20.1543671
              ],
              [
                57.7478541,
                -20.1526485
              ],
              [
                57.7478729,
                -20.1503962
              ],
              [
                57.7489029,
                -20.148682
              ],
              [
                57.7485501,
                -20.1482538
              ],
              [
                57.745766,
                -20.1482115
              ],
              [
                57.7447253,
                -20.1481801
              ],
              [
                57.7449788,
                -20.1486883
              ],
              [
                57.7454603,
                -20.1492668
              ],
              [
                57.7449949,
                -20.1491523
              ],
              [
                57.7440147,
                -20.1500166
              ],
              [
                57.7438657,
                -20.1494022
              ],
              [
                57.743631,
                -20.148852
              ],
              [
                57.7442157,
                -20.1489036
              ],
              [
                57.7438905,
                -20.1484635
              ],
              [
                57.7444383,
                -20.1476792
              ],
              [
                57.7438127,
                -20.1472102
              ],
              [
                57.7443303,
                -20.146976
              ],
              [
                57.7438368,
                -20.1464321
              ],
              [
                57.7428846,
                -20.1460116
              ],
              [
                57.7406967,
                -20.1449685
              ],
              [
                57.7410892,
                -20.1436763
              ],
              [
                57.739609,
                -20.1435759
              ],
              [
                57.7396587,
                -20.1426115
              ],
              [
                57.7419654,
                -20.1426757
              ],
              [
                57.7423717,
                -20.1430257
              ],
              [
                57.7449553,
                -20.1411679
              ],
              [
                57.7471179,
                -20.1409696
              ],
              [
                57.7491287,
                -20.1421266
              ],
              [
                57.7511137,
                -20.1412993
              ],
              [
                57.7533833,
                -20.1387279
              ],
              [
                57.7546699,
                -20.1377202
              ],
              [
                57.7530713,
                -20.1335445
              ],
              [
                57.7543975,
                -20.1293643
              ],
              [
                57.7562792,
                -20.1282702
              ],
              [
                57.7574337,
                -20.1294309
              ],
              [
                57.7576663,
                -20.1298756
              ],
              [
                57.7581969,
                -20.1271688
              ],
              [
                57.7573579,
                -20.126863
              ],
              [
                57.7557596,
                -20.1224343
              ],
              [
                57.7514459,
                -20.1161975
              ],
              [
                57.749157,
                -20.1117011
              ],
              [
                57.747094,
                -20.1091733
              ],
              [
                57.6429355,
                -20.152612
              ],
              [
                57.6427229,
                -20.153564
              ],
              [
                57.6435169,
                -20.1540878
              ],
              [
                57.64117,
                -20.1577443
              ],
              [
                57.6381953,
                -20.158912
              ],
              [
                57.6386245,
                -20.1593754
              ],
              [
                57.6380452,
                -20.1598991
              ],
              [
                57.6359423,
                -20.1585697
              ],
              [
                57.6354595,
                -20.1592143
              ],
              [
                57.6364251,
                -20.1601409
              ],
              [
                57.6323267,
                -20.1611883
              ],
              [
                57.6321765,
                -20.1597783
              ],
              [
                57.6313611,
                -20.1603624
              ],
              [
                57.6303526,
                -20.1597078
              ],
              [
                57.6290437,
                -20.1620242
              ],
              [
                57.6280781,
                -20.1610372
              ],
              [
                57.6272949,
                -20.1617221
              ],
              [
                57.6245268,
                -20.1605941
              ],
              [
                57.6242479,
                -20.1616415
              ],
              [
                57.6219998,
                -20.1628984
              ],
              [
                57.6171112,
                -20.1669237
              ],
              [
                57.6151724,
                -20.1689466
              ],
              [
                57.6167584,
                -20.1709541
              ],
              [
                57.6177495,
                -20.1706235
              ]
            ],
            [
              [
                57.7759777,
                -20.2822754
              ],
              [
                57.7749954,
                -20.2817243
              ],
              [
                57.7748391,
                -20.2809647
              ],
              [
                57.7757692,
                -20.2816162
              ],
              [
                57.7759777,
                -20.2822754
              ]
            ],
            [
              [
                57.7548928,
                -20.1680118
              ],
              [
                57.7545738,
                -20.168461
              ],
              [
                57.7544289,
                -20.1678731
              ],
              [
                57.7548928,
                -20.1680118
              ]
            ]
          ]
        ]
      }
    },
    {
      "id": "6",
      "type": "Feature",
      "properties": {
        "name": "Moka",
        "id": "351f0a46-f54b-4a01-9ab5-f78d471e9fb0",
        "intensity": "Low",
        "color": "#FFD700",
        "layerName": "Chikungunya Outbreak Intensity (July 2026)"
      },
      "geometry": {
        "type": "Polygon",
        "coordinates": [
          [
            [
              57.6473787,
              -20.3280175
            ],
            [
              57.6502228,
              -20.3272371
            ],
            [
              57.6684496,
              -20.2699219
            ],
            [
              57.6280017,
              -20.232787
            ],
            [
              57.6650137,
              -20.2075781
            ],
            [
              57.6310226,
              -20.1775022
            ],
            [
              57.6227169,
              -20.1750607
            ],
            [
              57.6212499,
              -20.1729629
            ],
            [
              57.6194308,
              -20.1709099
            ],
            [
              57.6180476,
              -20.1701649
            ],
            [
              57.6176326,
              -20.1710648
            ],
            [
              57.6167584,
              -20.1709541
            ],
            [
              57.6151724,
              -20.1689466
            ],
            [
              57.6163809,
              -20.1670486
            ],
            [
              57.6140134,
              -20.1670329
            ],
            [
              57.6118901,
              -20.168483
            ],
            [
              57.6093557,
              -20.1682076
            ],
            [
              57.6040323,
              -20.1715131
            ],
            [
              57.6018038,
              -20.1713799
            ],
            [
              57.5967286,
              -20.173286
            ],
            [
              57.5948261,
              -20.1728975
            ],
            [
              57.5941584,
              -20.1733333
            ],
            [
              57.5928298,
              -20.1767954
            ],
            [
              57.589473,
              -20.1797401
            ],
            [
              57.5879456,
              -20.1818244
            ],
            [
              57.5845726,
              -20.1807811
            ],
            [
              57.5831572,
              -20.1864923
            ],
            [
              57.579846,
              -20.1901907
            ],
            [
              57.5701939,
              -20.1966366
            ],
            [
              57.5667968,
              -20.1976058
            ],
            [
              57.5613601,
              -20.1963695
            ],
            [
              57.5558559,
              -20.1924291
            ],
            [
              57.5556818,
              -20.191647
            ],
            [
              57.5481973,
              -20.1956157
            ],
            [
              57.5433598,
              -20.1971308
            ],
            [
              57.5381642,
              -20.1958488
            ],
            [
              57.5363022,
              -20.196032
            ],
            [
              57.5346028,
              -20.1971995
            ],
            [
              57.5305617,
              -20.1974284
            ],
            [
              57.5287404,
              -20.1980007
            ],
            [
              57.5258361,
              -20.197947
            ],
            [
              57.515644,
              -20.1928577
            ],
            [
              57.5122302,
              -20.1922678
            ],
            [
              57.5053779,
              -20.1868429
            ],
            [
              57.5008919,
              -20.1812906
            ],
            [
              57.4952253,
              -20.1789195
            ],
            [
              57.4860762,
              -20.1797512
            ],
            [
              57.4781444,
              -20.1834183
            ],
            [
              57.4760136,
              -20.1865811
            ],
            [
              57.4710679,
              -20.1876312
            ],
            [
              57.4711475,
              -20.1897405
            ],
            [
              57.4744442,
              -20.1927103
            ],
            [
              57.4716548,
              -20.1986138
            ],
            [
              57.4735179,
              -20.2047358
            ],
            [
              57.4752479,
              -20.2096121
            ],
            [
              57.4763946,
              -20.2119702
            ],
            [
              57.4766636,
              -20.2132589
            ],
            [
              57.4777041,
              -20.2137106
            ],
            [
              57.4779535,
              -20.2146855
            ],
            [
              57.4772017,
              -20.2156974
            ],
            [
              57.4796202,
              -20.2188213
            ],
            [
              57.4797338,
              -20.2213534
            ],
            [
              57.4828666,
              -20.2221588
            ],
            [
              57.4832314,
              -20.2237243
            ],
            [
              57.4823409,
              -20.2250683
            ],
            [
              57.4841917,
              -20.2268552
            ],
            [
              57.483741,
              -20.2277663
            ],
            [
              57.482577,
              -20.2277612
            ],
            [
              57.4832261,
              -20.2317478
            ],
            [
              57.4833012,
              -20.2331269
            ],
            [
              57.4837142,
              -20.235855
            ],
            [
              57.4884725,
              -20.2371385
            ],
            [
              57.4894649,
              -20.2388649
            ],
            [
              57.4916987,
              -20.2390934
            ],
            [
              57.4927809,
              -20.2401403
            ],
            [
              57.4935829,
              -20.2388103
            ],
            [
              57.4938042,
              -20.2381138
            ],
            [
              57.4961666,
              -20.2387825
            ],
            [
              57.5009558,
              -20.2410532
            ],
            [
              57.4996427,
              -20.2424574
            ],
            [
              57.500696,
              -20.2431745
            ],
            [
              57.5017172,
              -20.242977
            ],
            [
              57.5015294,
              -20.2453324
            ],
            [
              57.505129,
              -20.2450858
            ],
            [
              57.5042921,
              -20.2464598
            ],
            [
              57.5085193,
              -20.2464699
            ],
            [
              57.5100401,
              -20.2473934
            ],
            [
              57.5122623,
              -20.2466184
            ],
            [
              57.5130308,
              -20.2468927
            ],
            [
              57.5162216,
              -20.2444556
            ],
            [
              57.5172014,
              -20.2462407
            ],
            [
              57.5187991,
              -20.2459165
            ],
            [
              57.5183926,
              -20.2474994
            ],
            [
              57.5188063,
              -20.2482673
            ],
            [
              57.5202622,
              -20.2466348
            ],
            [
              57.5241656,
              -20.2479087
            ],
            [
              57.5243742,
              -20.2517115
            ],
            [
              57.5263536,
              -20.2527834
            ],
            [
              57.5259728,
              -20.255018
            ],
            [
              57.5274909,
              -20.2549073
            ],
            [
              57.527802,
              -20.2574991
            ],
            [
              57.5267187,
              -20.2580092
            ],
            [
              57.5279038,
              -20.2590047
            ],
            [
              57.5271008,
              -20.2600726
            ],
            [
              57.5282258,
              -20.2631978
            ],
            [
              57.5293177,
              -20.2631096
            ],
            [
              57.5294317,
              -20.2643843
            ],
            [
              57.5316538,
              -20.2643212
            ],
            [
              57.5320038,
              -20.2651412
            ],
            [
              57.5300114,
              -20.2662459
            ],
            [
              57.531278,
              -20.2671684
            ],
            [
              57.5315445,
              -20.2707495
            ],
            [
              57.5334352,
              -20.2717563
            ],
            [
              57.5342052,
              -20.2752508
            ],
            [
              57.5358638,
              -20.2774546
            ],
            [
              57.5376629,
              -20.2797875
            ],
            [
              57.5379353,
              -20.2827639
            ],
            [
              57.5393582,
              -20.2827906
            ],
            [
              57.5406998,
              -20.2853493
            ],
            [
              57.5401814,
              -20.2894502
            ],
            [
              57.5378368,
              -20.2926839
            ],
            [
              57.5351686,
              -20.2946981
            ],
            [
              57.5355533,
              -20.2981654
            ],
            [
              57.5495232,
              -20.3150119
            ],
            [
              57.5538859,
              -20.3212298
            ],
            [
              57.559479,
              -20.3228871
            ],
            [
              57.5624244,
              -20.3243654
            ],
            [
              57.5709,
              -20.3262143
            ],
            [
              57.577951,
              -20.3274568
            ],
            [
              57.5852603,
              -20.3309895
            ],
            [
              57.5890364,
              -20.3336064
            ],
            [
              57.6026515,
              -20.3349297
            ],
            [
              57.6070283,
              -20.3372953
            ],
            [
              57.6145599,
              -20.3361595
            ],
            [
              57.6176832,
              -20.3374287
            ],
            [
              57.6211014,
              -20.3371422
            ],
            [
              57.6247619,
              -20.3341642
            ],
            [
              57.6281643,
              -20.3332506
            ],
            [
              57.6380294,
              -20.3357954
            ],
            [
              57.6409335,
              -20.3352735
            ],
            [
              57.6432964,
              -20.3332662
            ],
            [
              57.6473787,
              -20.3280175
            ]
          ]
        ]
      }
    },
    {
      "id": "7",
      "type": "Feature",
      "properties": {
        "name": "Rivière du Rempart District",
        "id": "85ae6382-bbb5-4d37-803d-d54c0ad66fc6",
        "intensity": "Moderate",
        "color": "#FFA500",
        "layerName": "Chikungunya Outbreak Intensity (July 2026)"
      },
      "geometry": {
        "type": "MultiPolygon",
        "coordinates": [
          [
            [
              [
                57.6870591,
                -20.0415639
              ],
              [
                57.6875634,
                -20.0416244
              ],
              [
                57.6869894,
                -20.0408735
              ],
              [
                57.6857663,
                -20.0411809
              ],
              [
                57.6860104,
                -20.0421938
              ],
              [
                57.6870591,
                -20.0415639
              ]
            ]
          ],
          [
            [
              [
                57.6569848,
                -19.8624859
              ],
              [
                57.6575035,
                -19.8633045
              ],
              [
                57.6578989,
                -19.8624285
              ],
              [
                57.6569848,
                -19.8624859
              ]
            ]
          ],
          [
            [
              [
                57.6980611,
                -20.0251542
              ],
              [
                57.6991155,
                -20.025498
              ],
              [
                57.6990924,
                -20.0242639
              ],
              [
                57.6980611,
                -20.0251542
              ]
            ]
          ],
          [
            [
              [
                57.6928756,
                -20.0341671
              ],
              [
                57.6931597,
                -20.0346268
              ],
              [
                57.6935086,
                -20.0340965
              ],
              [
                57.6928756,
                -20.0341671
              ]
            ]
          ],
          [
            [
              [
                57.6646072,
                -19.8761388
              ],
              [
                57.6612549,
                -19.870213
              ],
              [
                57.6569204,
                -19.867908
              ],
              [
                57.6542869,
                -19.8678639
              ],
              [
                57.6490244,
                -19.8739048
              ],
              [
                57.6487324,
                -19.8751574
              ],
              [
                57.6498736,
                -19.8766062
              ],
              [
                57.6495883,
                -19.8791512
              ],
              [
                57.6483476,
                -19.880065
              ],
              [
                57.6487976,
                -19.8826544
              ],
              [
                57.6498964,
                -19.8832876
              ],
              [
                57.6514843,
                -19.8839269
              ],
              [
                57.6534227,
                -19.8847946
              ],
              [
                57.6551019,
                -19.8841568
              ],
              [
                57.6563295,
                -19.8831082
              ],
              [
                57.6584994,
                -19.8846045
              ],
              [
                57.6653004,
                -19.8821437
              ],
              [
                57.6651118,
                -19.8810676
              ],
              [
                57.6656769,
                -19.8798389
              ],
              [
                57.6646072,
                -19.8761388
              ]
            ]
          ],
          [
            [
              [
                57.684886,
                -20.0450029
              ],
              [
                57.6841635,
                -20.0448944
              ],
              [
                57.6844469,
                -20.0452721
              ],
              [
                57.684886,
                -20.0450029
              ]
            ]
          ],
          [
            [
              [
                57.7832258,
                -19.8457862
              ],
              [
                57.7813375,
                -19.8518865
              ],
              [
                57.7809459,
                -19.855812
              ],
              [
                57.784127,
                -19.8581682
              ],
              [
                57.7855271,
                -19.8586727
              ],
              [
                57.7898294,
                -19.8586374
              ],
              [
                57.7910539,
                -19.8567654
              ],
              [
                57.7929729,
                -19.8560844
              ],
              [
                57.7954459,
                -19.8527947
              ],
              [
                57.7927798,
                -19.8504485
              ],
              [
                57.7929246,
                -19.8475018
              ],
              [
                57.79661,
                -19.8447872
              ],
              [
                57.7935898,
                -19.8428445
              ],
              [
                57.7898025,
                -19.8431371
              ],
              [
                57.785511,
                -19.8431725
              ],
              [
                57.7832258,
                -19.8457862
              ]
            ]
          ],
          [
            [
              [
                57.701251,
                -20.0260269
              ],
              [
                57.7029368,
                -20.0267013
              ],
              [
                57.7031527,
                -20.025971
              ],
              [
                57.7016357,
                -20.0247739
              ],
              [
                57.7005601,
                -20.0241716
              ],
              [
                57.6998347,
                -20.0256677
              ],
              [
                57.701251,
                -20.0260269
              ]
            ]
          ],
          [
            [
              [
                57.6694308,
                -19.8869352
              ],
              [
                57.6722007,
                -19.889014
              ],
              [
                57.6747277,
                -19.8903179
              ],
              [
                57.6742349,
                -19.8883418
              ],
              [
                57.675226,
                -19.8870912
              ],
              [
                57.6745828,
                -19.8840147
              ],
              [
                57.672902,
                -19.8823127
              ],
              [
                57.6687939,
                -19.88357
              ],
              [
                57.6694308,
                -19.8869352
              ]
            ]
          ],
          [
            [
              [
                57.7002564,
                -20.0348802
              ],
              [
                57.6990189,
                -20.0349018
              ],
              [
                57.698045,
                -20.036215
              ],
              [
                57.6954931,
                -20.0340216
              ],
              [
                57.6952544,
                -20.0347299
              ],
              [
                57.6933423,
                -20.0351158
              ],
              [
                57.6931597,
                -20.0346268
              ],
              [
                57.6925921,
                -20.0357416
              ],
              [
                57.6919488,
                -20.0357826
              ],
              [
                57.6909579,
                -20.036114
              ],
              [
                57.6898553,
                -20.0351407
              ],
              [
                57.6889803,
                -20.0353377
              ],
              [
                57.6901402,
                -20.0373462
              ],
              [
                57.6900018,
                -20.0381232
              ],
              [
                57.6921104,
                -20.0387554
              ],
              [
                57.6910517,
                -20.0395961
              ],
              [
                57.6910836,
                -20.040531
              ],
              [
                57.6907298,
                -20.0414759
              ],
              [
                57.6954076,
                -20.0420807
              ],
              [
                57.696328,
                -20.0391806
              ],
              [
                57.6968975,
                -20.0396453
              ],
              [
                57.6973979,
                -20.0392221
              ],
              [
                57.6969037,
                -20.038976
              ],
              [
                57.6971908,
                -20.0382356
              ],
              [
                57.6979986,
                -20.0386235
              ],
              [
                57.6981277,
                -20.0373977
              ],
              [
                57.6985524,
                -20.0379415
              ],
              [
                57.6991916,
                -20.0382394
              ],
              [
                57.7003885,
                -20.0393834
              ],
              [
                57.7010044,
                -20.0397749
              ],
              [
                57.7013884,
                -20.039329
              ],
              [
                57.7027371,
                -20.0395566
              ],
              [
                57.702742,
                -20.0384896
              ],
              [
                57.7033545,
                -20.0396386
              ],
              [
                57.7035012,
                -20.0407589
              ],
              [
                57.7046102,
                -20.0400321
              ],
              [
                57.7078651,
                -20.0408182
              ],
              [
                57.7085169,
                -20.0411105
              ],
              [
                57.7082904,
                -20.0397406
              ],
              [
                57.7091968,
                -20.0410904
              ],
              [
                57.7101208,
                -20.0415432
              ],
              [
                57.7103153,
                -20.0398708
              ],
              [
                57.7093336,
                -20.039203
              ],
              [
                57.7103194,
                -20.0386925
              ],
              [
                57.7121043,
                -20.0394374
              ],
              [
                57.7118336,
                -20.0383723
              ],
              [
                57.7098142,
                -20.037433
              ],
              [
                57.7082929,
                -20.0373081
              ],
              [
                57.7084827,
                -20.0367148
              ],
              [
                57.7056912,
                -20.0365648
              ],
              [
                57.7047899,
                -20.0348034
              ],
              [
                57.703422,
                -20.0338231
              ],
              [
                57.7028507,
                -20.0330672
              ],
              [
                57.702612,
                -20.033488
              ],
              [
                57.7017456,
                -20.0321549
              ],
              [
                57.6978403,
                -20.0291209
              ],
              [
                57.6977676,
                -20.0313751
              ],
              [
                57.700265,
                -20.0329764
              ],
              [
                57.6999689,
                -20.0341661
              ],
              [
                57.7002564,
                -20.0348802
              ]
            ],
            [
              [
                57.696328,
                -20.0391806
              ],
              [
                57.6956765,
                -20.0383331
              ],
              [
                57.6961731,
                -20.0383149
              ],
              [
                57.696328,
                -20.0391806
              ]
            ]
          ],
          [
            [
              [
                57.6969766,
                -20.0404567
              ],
              [
                57.6962778,
                -20.0409437
              ],
              [
                57.6974417,
                -20.0410007
              ],
              [
                57.6969766,
                -20.0404567
              ]
            ]
          ],
          [
            [
              [
                57.7006983,
                -20.0401443
              ],
              [
                57.7003885,
                -20.0393834
              ],
              [
                57.6998646,
                -20.0398573
              ],
              [
                57.7006983,
                -20.0401443
              ]
            ]
          ],
          [
            [
              [
                57.7085169,
                -20.0411105
              ],
              [
                57.7090211,
                -20.0415641
              ],
              [
                57.7091968,
                -20.0410904
              ],
              [
                57.7085169,
                -20.0411105
              ]
            ]
          ],
          [
            [
              [
                57.6978403,
                -20.0291209
              ],
              [
                57.6970544,
                -20.027435
              ],
              [
                57.6981086,
                -20.0268151
              ],
              [
                57.6973794,
                -20.0264097
              ],
              [
                57.6972125,
                -20.0268643
              ],
              [
                57.6962903,
                -20.0266909
              ],
              [
                57.6969465,
                -20.0260375
              ],
              [
                57.6963616,
                -20.0259358
              ],
              [
                57.6970551,
                -20.0255645
              ],
              [
                57.6970088,
                -20.0249452
              ],
              [
                57.6957773,
                -20.0251487
              ],
              [
                57.6959158,
                -20.0257466
              ],
              [
                57.6942743,
                -20.0265064
              ],
              [
                57.6946861,
                -20.0267909
              ],
              [
                57.6943695,
                -20.0272033
              ],
              [
                57.6953392,
                -20.0283699
              ],
              [
                57.6958568,
                -20.0281179
              ],
              [
                57.6963893,
                -20.0292658
              ],
              [
                57.6966843,
                -20.02869
              ],
              [
                57.6978403,
                -20.0291209
              ]
            ]
          ],
          [
            [
              [
                57.6970551,
                -20.0255645
              ],
              [
                57.6974648,
                -20.0258978
              ],
              [
                57.6975378,
                -20.025283
              ],
              [
                57.6970551,
                -20.0255645
              ]
            ]
          ],
          [
            [
              [
                57.6839762,
                -20.0325408
              ],
              [
                57.6840871,
                -20.0337276
              ],
              [
                57.6845739,
                -20.033386
              ],
              [
                57.6839762,
                -20.0325408
              ]
            ]
          ],
          [
            [
              [
                57.6899305,
                -20.0390267
              ],
              [
                57.689217,
                -20.0403596
              ],
              [
                57.6904187,
                -20.0395004
              ],
              [
                57.6899305,
                -20.0390267
              ]
            ]
          ],
          [
            [
              [
                57.6896634,
                -20.0426077
              ],
              [
                57.6911283,
                -20.0430168
              ],
              [
                57.6900659,
                -20.0421151
              ],
              [
                57.6896634,
                -20.0426077
              ]
            ]
          ],
          [
            [
              [
                57.6980611,
                -20.0251542
              ],
              [
                57.6977214,
                -20.0246643
              ],
              [
                57.6975378,
                -20.025283
              ],
              [
                57.6980611,
                -20.0251542
              ]
            ]
          ],
          [
            [
              [
                57.6899305,
                -20.0390267
              ],
              [
                57.68893,
                -20.0379582
              ],
              [
                57.6886699,
                -20.0390637
              ],
              [
                57.6899305,
                -20.0390267
              ]
            ]
          ],
          [
            [
              [
                57.6481846,
                -20.0009979
              ],
              [
                57.648851,
                -20.000785
              ],
              [
                57.6485923,
                -20.0002972
              ],
              [
                57.6481846,
                -20.0009979
              ]
            ]
          ],
          [
            [
              [
                57.8030941,
                -19.8188689
              ],
              [
                57.8042514,
                -19.8213602
              ],
              [
                57.8070896,
                -19.8214787
              ],
              [
                57.8082491,
                -19.8186368
              ],
              [
                57.8081231,
                -19.8172071
              ],
              [
                57.8065362,
                -19.8164173
              ],
              [
                57.8037147,
                -19.816547
              ],
              [
                57.8030941,
                -19.8188689
              ]
            ]
          ],
          [
            [
              [
                57.6249272,
                -19.9477381
              ],
              [
                57.6247435,
                -19.9461919
              ],
              [
                57.6249659,
                -19.945629
              ],
              [
                57.6242794,
                -19.9450952
              ],
              [
                57.6240516,
                -19.9434656
              ],
              [
                57.6250179,
                -19.9420962
              ],
              [
                57.6240545,
                -19.9395542
              ],
              [
                57.6228779,
                -19.9383187
              ],
              [
                57.6236523,
                -19.9362842
              ],
              [
                57.6215061,
                -19.9370182
              ],
              [
                57.6212015,
                -19.9391171
              ],
              [
                57.6170266,
                -19.9386635
              ],
              [
                57.6152752,
                -19.9393602
              ],
              [
                57.6155278,
                -19.9418098
              ],
              [
                57.6178115,
                -19.9436011
              ],
              [
                57.6183877,
                -19.9431788
              ],
              [
                57.6190275,
                -19.9443688
              ],
              [
                57.6216545,
                -19.9441171
              ],
              [
                57.6230655,
                -19.9473528
              ],
              [
                57.6249272,
                -19.9477381
              ]
            ]
          ],
          [
            [
              [
                57.6071039,
                -19.9847831
              ],
              [
                57.6060243,
                -19.9859691
              ],
              [
                57.6024945,
                -19.9857031
              ],
              [
                57.6000215,
                -19.9849078
              ],
              [
                57.5981875,
                -19.9865751
              ],
              [
                57.5965428,
                -19.987404
              ],
              [
                57.5936535,
                -19.9895399
              ],
              [
                57.5914741,
                -19.9899359
              ],
              [
                57.5908231,
                -19.9939608
              ],
              [
                57.5894362,
                -19.9941106
              ],
              [
                57.5888702,
                -19.9938069
              ],
              [
                57.5881514,
                -19.9946967
              ],
              [
                57.5882386,
                -19.9955297
              ],
              [
                57.5861827,
                -19.9957276
              ],
              [
                57.5840154,
                -19.9948668
              ],
              [
                57.5836346,
                -19.9943639
              ],
              [
                57.5823927,
                -19.9957616
              ],
              [
                57.5840838,
                -19.9963867
              ],
              [
                57.5840625,
                -19.9985972
              ],
              [
                57.5805688,
                -20.0009903
              ],
              [
                57.5802805,
                -20.0041593
              ],
              [
                57.5780076,
                -20.0061427
              ],
              [
                57.5773402,
                -20.0079179
              ],
              [
                57.5787275,
                -20.0091803
              ],
              [
                57.5839309,
                -20.0108361
              ],
              [
                57.5834616,
                -20.0144576
              ],
              [
                57.5813051,
                -20.0142561
              ],
              [
                57.5794356,
                -20.0157852
              ],
              [
                57.5772435,
                -20.0159421
              ],
              [
                57.5742384,
                -20.0141562
              ],
              [
                57.5715194,
                -20.0144234
              ],
              [
                57.5702322,
                -20.0151633
              ],
              [
                57.5697199,
                -20.0150783
              ],
              [
                57.5688156,
                -20.0164963
              ],
              [
                57.6118273,
                -20.0496008
              ],
              [
                57.612762,
                -20.0541802
              ],
              [
                57.6132368,
                -20.0642443
              ],
              [
                57.6108482,
                -20.0702719
              ],
              [
                57.6007598,
                -20.0757999
              ],
              [
                57.6449958,
                -20.1036138
              ],
              [
                57.6479247,
                -20.1043896
              ],
              [
                57.6274209,
                -20.1195685
              ],
              [
                57.6428389,
                -20.1524056
              ],
              [
                57.7470822,
                -20.1083786
              ],
              [
                57.7449209,
                -20.1078296
              ],
              [
                57.7413417,
                -20.1073633
              ],
              [
                57.7370401,
                -20.1056145
              ],
              [
                57.7356606,
                -20.1045088
              ],
              [
                57.7338158,
                -20.1044482
              ],
              [
                57.7329397,
                -20.1040398
              ],
              [
                57.7319449,
                -20.1045174
              ],
              [
                57.7296838,
                -20.103112
              ],
              [
                57.7260599,
                -20.1040046
              ],
              [
                57.7255395,
                -20.1046922
              ],
              [
                57.7241126,
                -20.1040978
              ],
              [
                57.7232274,
                -20.1030877
              ],
              [
                57.719593,
                -20.1029857
              ],
              [
                57.7178912,
                -20.1029505
              ],
              [
                57.7171619,
                -20.1029362
              ],
              [
                57.7177872,
                -20.1018547
              ],
              [
                57.7162698,
                -20.0994077
              ],
              [
                57.7162269,
                -20.0986596
              ],
              [
                57.7143171,
                -20.0999342
              ],
              [
                57.7127802,
                -20.0998284
              ],
              [
                57.7096045,
                -20.0995664
              ],
              [
                57.7087203,
                -20.0959282
              ],
              [
                57.7096041,
                -20.0950277
              ],
              [
                57.7099196,
                -20.0928459
              ],
              [
                57.7048205,
                -20.0921897
              ],
              [
                57.7047645,
                -20.091565
              ],
              [
                57.7079657,
                -20.0902968
              ],
              [
                57.7066943,
                -20.0890977
              ],
              [
                57.7082339,
                -20.0881757
              ],
              [
                57.7096662,
                -20.0882387
              ],
              [
                57.7100202,
                -20.0878709
              ],
              [
                57.7114096,
                -20.0863343
              ],
              [
                57.708861,
                -20.0862193
              ],
              [
                57.706642,
                -20.0871578
              ],
              [
                57.7053586,
                -20.0868608
              ],
              [
                57.7039129,
                -20.087876
              ],
              [
                57.703312,
                -20.0875661
              ],
              [
                57.7042133,
                -20.0859363
              ],
              [
                57.7034944,
                -20.0856491
              ],
              [
                57.7044192,
                -20.0853036
              ],
              [
                57.7036259,
                -20.0836036
              ],
              [
                57.7022043,
                -20.0838656
              ],
              [
                57.7020274,
                -20.0816403
              ],
              [
                57.7010375,
                -20.0814573
              ],
              [
                57.7010567,
                -20.0800003
              ],
              [
                57.6996481,
                -20.0803363
              ],
              [
                57.6998975,
                -20.0790054
              ],
              [
                57.6996669,
                -20.0782781
              ],
              [
                57.6997742,
                -20.0777718
              ],
              [
                57.6977572,
                -20.0775501
              ],
              [
                57.6978464,
                -20.0766115
              ],
              [
                57.6941174,
                -20.0767968
              ],
              [
                57.6949811,
                -20.0754339
              ],
              [
                57.6904938,
                -20.0741491
              ],
              [
                57.6914433,
                -20.072698
              ],
              [
                57.6922694,
                -20.0715165
              ],
              [
                57.6914781,
                -20.0712595
              ],
              [
                57.6912515,
                -20.0705503
              ],
              [
                57.6897897,
                -20.0692503
              ],
              [
                57.690074,
                -20.0676644
              ],
              [
                57.6890672,
                -20.0674671
              ],
              [
                57.6893029,
                -20.0669703
              ],
              [
                57.6885263,
                -20.0664355
              ],
              [
                57.6885009,
                -20.0659336
              ],
              [
                57.6865563,
                -20.0667499
              ],
              [
                57.6859327,
                -20.0662384
              ],
              [
                57.6886868,
                -20.0648968
              ],
              [
                57.6888844,
                -20.0638229
              ],
              [
                57.6879618,
                -20.0636082
              ],
              [
                57.6866572,
                -20.064005
              ],
              [
                57.6867829,
                -20.0626999
              ],
              [
                57.6859152,
                -20.0622023
              ],
              [
                57.6860332,
                -20.0601225
              ],
              [
                57.6874508,
                -20.0592829
              ],
              [
                57.6879124,
                -20.0582211
              ],
              [
                57.6873177,
                -20.0574604
              ],
              [
                57.6864748,
                -20.0582153
              ],
              [
                57.6829534,
                -20.0566409
              ],
              [
                57.6810417,
                -20.0570903
              ],
              [
                57.6813903,
                -20.0565763
              ],
              [
                57.681166,
                -20.0557596
              ],
              [
                57.6831901,
                -20.0544397
              ],
              [
                57.6820716,
                -20.0533361
              ],
              [
                57.6829085,
                -20.0520587
              ],
              [
                57.6834154,
                -20.0525223
              ],
              [
                57.6841262,
                -20.0510634
              ],
              [
                57.6835388,
                -20.0509803
              ],
              [
                57.6840266,
                -20.0504111
              ],
              [
                57.6818834,
                -20.0505117
              ],
              [
                57.6802883,
                -20.0493971
              ],
              [
                57.6806205,
                -20.0484934
              ],
              [
                57.6805454,
                -20.0466338
              ],
              [
                57.6819348,
                -20.0470874
              ],
              [
                57.6820877,
                -20.0479466
              ],
              [
                57.6832491,
                -20.0483548
              ],
              [
                57.6847864,
                -20.0493593
              ],
              [
                57.6860815,
                -20.0484757
              ],
              [
                57.6859662,
                -20.047808
              ],
              [
                57.6867709,
                -20.047483
              ],
              [
                57.6854271,
                -20.0471579
              ],
              [
                57.685065,
                -20.0476417
              ],
              [
                57.6853895,
                -20.0485689
              ],
              [
                57.6846009,
                -20.0489141
              ],
              [
                57.6838741,
                -20.0474678
              ],
              [
                57.6834422,
                -20.0476719
              ],
              [
                57.68363,
                -20.0458225
              ],
              [
                57.6820824,
                -20.0458628
              ],
              [
                57.6829916,
                -20.044991
              ],
              [
                57.6830131,
                -20.0435346
              ],
              [
                57.6847485,
                -20.0441191
              ],
              [
                57.685293,
                -20.0438042
              ],
              [
                57.6857167,
                -20.0435068
              ],
              [
                57.6840511,
                -20.0429626
              ],
              [
                57.6850516,
                -20.041171
              ],
              [
                57.6841398,
                -20.0402866
              ],
              [
                57.6856953,
                -20.0397221
              ],
              [
                57.6856302,
                -20.0359827
              ],
              [
                57.6850868,
                -20.0343477
              ],
              [
                57.6831928,
                -20.0341608
              ],
              [
                57.6825196,
                -20.03501
              ],
              [
                57.6794887,
                -20.0319004
              ],
              [
                57.6793197,
                -20.0313158
              ],
              [
                57.6779249,
                -20.0308748
              ],
              [
                57.6807734,
                -20.0299777
              ],
              [
                57.6831204,
                -20.0296199
              ],
              [
                57.6822039,
                -20.02596
              ],
              [
                57.6822569,
                -20.0225476
              ],
              [
                57.6819049,
                -20.021096
              ],
              [
                57.68139,
                -20.0205154
              ],
              [
                57.6792542,
                -20.0210007
              ],
              [
                57.6778809,
                -20.0198263
              ],
              [
                57.6771374,
                -20.0202192
              ],
              [
                57.6758423,
                -20.0180282
              ],
              [
                57.6775297,
                -20.0185649
              ],
              [
                57.6789605,
                -20.0180168
              ],
              [
                57.6815395,
                -20.0186089
              ],
              [
                57.6829653,
                -20.0175975
              ],
              [
                57.6828082,
                -20.0169002
              ],
              [
                57.6819072,
                -20.0154569
              ],
              [
                57.6829176,
                -20.014529
              ],
              [
                57.6824945,
                -20.014288
              ],
              [
                57.6837408,
                -20.0134561
              ],
              [
                57.6836054,
                -20.0129881
              ],
              [
                57.6824839,
                -20.0134058
              ],
              [
                57.68169,
                -20.0125295
              ],
              [
                57.6814589,
                -20.0118493
              ],
              [
                57.6813681,
                -20.0108364
              ],
              [
                57.6833757,
                -20.0105294
              ],
              [
                57.6838851,
                -20.0103539
              ],
              [
                57.6830566,
                -20.0091557
              ],
              [
                57.6820743,
                -20.0087694
              ],
              [
                57.6803535,
                -20.008936
              ],
              [
                57.6795002,
                -20.0082319
              ],
              [
                57.6775846,
                -20.0079355
              ],
              [
                57.6752861,
                -20.0081393
              ],
              [
                57.6723056,
                -20.0072577
              ],
              [
                57.6710087,
                -20.0085192
              ],
              [
                57.6705046,
                -20.0080134
              ],
              [
                57.6700302,
                -20.0081736
              ],
              [
                57.6686766,
                -20.0064975
              ],
              [
                57.664532,
                -20.0052529
              ],
              [
                57.6642792,
                -20.0048528
              ],
              [
                57.6631352,
                -20.005343
              ],
              [
                57.6616962,
                -20.003173
              ],
              [
                57.6623601,
                -20.0025971
              ],
              [
                57.6618059,
                -20.0018291
              ],
              [
                57.6622043,
                -20.0014757
              ],
              [
                57.6606839,
                -20.001101
              ],
              [
                57.6602596,
                -20.0018829
              ],
              [
                57.6586694,
                -20.0007131
              ],
              [
                57.6562165,
                -19.999963
              ],
              [
                57.6562955,
                -19.9995006
              ],
              [
                57.6554494,
                -19.9982871
              ],
              [
                57.6556572,
                -19.9973999
              ],
              [
                57.6532821,
                -19.9970143
              ],
              [
                57.6528557,
                -19.998054
              ],
              [
                57.6533586,
                -19.9995259
              ],
              [
                57.6505878,
                -20.0029934
              ],
              [
                57.650325,
                -20.0038648
              ],
              [
                57.6484294,
                -20.0023358
              ],
              [
                57.6461983,
                -20.0014848
              ],
              [
                57.6440167,
                -20.0009143
              ],
              [
                57.6434244,
                -20.0008545
              ],
              [
                57.6412504,
                -19.9993016
              ],
              [
                57.6411505,
                -19.997749
              ],
              [
                57.6396384,
                -19.9978045
              ],
              [
                57.6390644,
                -19.9968334
              ],
              [
                57.6371768,
                -19.9953671
              ],
              [
                57.6366967,
                -19.9924773
              ],
              [
                57.6353408,
                -19.9920765
              ],
              [
                57.6345697,
                -19.9936147
              ],
              [
                57.6325344,
                -19.9926445
              ],
              [
                57.6322429,
                -19.9907847
              ],
              [
                57.6335592,
                -19.988438
              ],
              [
                57.6331294,
                -19.9878709
              ],
              [
                57.6327116,
                -19.9868639
              ],
              [
                57.631376,
                -19.9870644
              ],
              [
                57.6301709,
                -19.9866433
              ],
              [
                57.6296378,
                -19.9851732
              ],
              [
                57.6260885,
                -19.9861323
              ],
              [
                57.622312,
                -19.9860447
              ],
              [
                57.6210186,
                -19.9862873
              ],
              [
                57.6205002,
                -19.9851864
              ],
              [
                57.6135492,
                -19.9835996
              ],
              [
                57.6118286,
                -19.9823657
              ],
              [
                57.6109193,
                -19.9819107
              ],
              [
                57.6091518,
                -19.9823229
              ],
              [
                57.6075304,
                -19.9850742
              ],
              [
                57.6071039,
                -19.9847831
              ]
            ],
            [
              [
                57.7100202,
                -20.0878709
              ],
              [
                57.7094007,
                -20.0878407
              ],
              [
                57.7097627,
                -20.0874251
              ],
              [
                57.7100202,
                -20.0878709
              ]
            ],
            [
              [
                57.6805454,
                -20.0466338
              ],
              [
                57.6805401,
                -20.0455881
              ],
              [
                57.6810175,
                -20.0461803
              ],
              [
                57.6805454,
                -20.0466338
              ]
            ],
            [
              [
                57.6325802,
                -19.9878829
              ],
              [
                57.6319968,
                -19.9880064
              ],
              [
                57.6323421,
                -19.9874878
              ],
              [
                57.6325802,
                -19.9878829
              ]
            ]
          ],
          [
            [
              [
                57.5909838,
                -19.9889661
              ],
              [
                57.5900303,
                -19.9882124
              ],
              [
                57.5893611,
                -19.9882616
              ],
              [
                57.5904125,
                -19.9893845
              ],
              [
                57.5909838,
                -19.9889661
              ]
            ]
          ],
          [
            [
              [
                57.7102197,
                -20.0951184
              ],
              [
                57.7108745,
                -20.0954279
              ],
              [
                57.7109255,
                -20.0947465
              ],
              [
                57.7102197,
                -20.0951184
              ]
            ]
          ],
          [
            [
              [
                57.6886122,
                -20.0595619
              ],
              [
                57.6891673,
                -20.0599322
              ],
              [
                57.6895891,
                -20.0590913
              ],
              [
                57.6886122,
                -20.0595619
              ]
            ]
          ],
          [
            [
              [
                57.6622043,
                -20.0014757
              ],
              [
                57.6634419,
                -20.0017028
              ],
              [
                57.6637334,
                -20.0012165
              ],
              [
                57.6617165,
                -19.9998799
              ],
              [
                57.6615483,
                -20.0003061
              ],
              [
                57.6622043,
                -20.0014757
              ]
            ]
          ],
          [
            [
              [
                57.6335592,
                -19.988438
              ],
              [
                57.6349787,
                -19.9880448
              ],
              [
                57.6346928,
                -19.9876015
              ],
              [
                57.6335592,
                -19.988438
              ]
            ]
          ]
        ]
      }
    },
    {
      "id": "8",
      "type": "Feature",
      "properties": {
        "name": "Savanne",
        "id": "b2d44092-06b3-49e5-8129-1bbdcd480038",
        "intensity": "Moderate",
        "color": "#FFA500",
        "layerName": "Chikungunya Outbreak Intensity (July 2026)"
      },
      "geometry": {
        "type": "Polygon",
        "coordinates": [
          [
            [
              57.6009428,
              -20.5008275
            ],
            [
              57.6032495,
              -20.5019208
            ],
            [
              57.6070958,
              -20.5024685
            ],
            [
              57.6087615,
              -20.5009862
            ],
            [
              57.6116073,
              -20.500735
            ],
            [
              57.614893,
              -20.499813
            ],
            [
              57.6179255,
              -20.4976067
            ],
            [
              57.6222503,
              -20.4973307
            ],
            [
              57.6227894,
              -20.4966197
            ],
            [
              57.6226526,
              -20.4936224
            ],
            [
              57.6220911,
              -20.4919916
            ],
            [
              57.6217478,
              -20.4890269
            ],
            [
              57.619205,
              -20.4886249
            ],
            [
              57.6197844,
              -20.4875193
            ],
            [
              57.6202994,
              -20.4879414
            ],
            [
              57.6211684,
              -20.4870068
            ],
            [
              57.6200311,
              -20.4853786
            ],
            [
              57.6201492,
              -20.4843434
            ],
            [
              57.6174991,
              -20.48366
            ],
            [
              57.6190226,
              -20.483067
            ],
            [
              57.6177352,
              -20.4807252
            ],
            [
              57.6167696,
              -20.4802227
            ],
            [
              57.6156752,
              -20.4786849
            ],
            [
              57.6135616,
              -20.4790669
            ],
            [
              57.6133471,
              -20.4784035
            ],
            [
              57.6148813,
              -20.4776296
            ],
            [
              57.6130252,
              -20.4755993
            ],
            [
              57.6111106,
              -20.474953
            ],
            [
              57.6115282,
              -20.4741175
            ],
            [
              57.6129297,
              -20.4736334
            ],
            [
              57.6128483,
              -20.4718164
            ],
            [
              57.6106823,
              -20.4710107
            ],
            [
              57.6128306,
              -20.4689616
            ],
            [
              57.6116733,
              -20.4680299
            ],
            [
              57.6094047,
              -20.4688356
            ],
            [
              57.6077129,
              -20.4660537
            ],
            [
              57.6063256,
              -20.4650656
            ],
            [
              57.6068352,
              -20.4633944
            ],
            [
              57.6052178,
              -20.4643759
            ],
            [
              57.6043027,
              -20.4654575
            ],
            [
              57.6033478,
              -20.4644322
            ],
            [
              57.6037555,
              -20.4614368
            ],
            [
              57.5999253,
              -20.4605321
            ],
            [
              57.6015883,
              -20.4594666
            ],
            [
              57.5977581,
              -20.4566218
            ],
            [
              57.5956767,
              -20.4562097
            ],
            [
              57.5959127,
              -20.4549331
            ],
            [
              57.5936167,
              -20.4534855
            ],
            [
              57.5931876,
              -20.4511433
            ],
            [
              57.5926833,
              -20.4508316
            ],
            [
              57.5920074,
              -20.4532141
            ],
            [
              57.5892179,
              -20.4491629
            ],
            [
              57.5890892,
              -20.448238
            ],
            [
              57.5878661,
              -20.4482883
            ],
            [
              57.5866215,
              -20.449555
            ],
            [
              57.586128,
              -20.4473936
            ],
            [
              57.5849693,
              -20.4479767
            ],
            [
              57.5822013,
              -20.444237
            ],
            [
              57.5796585,
              -20.4419047
            ],
            [
              57.5806563,
              -20.4411306
            ],
            [
              57.5795405,
              -20.4400347
            ],
            [
              57.5801521,
              -20.4360234
            ],
            [
              57.5779205,
              -20.4344048
            ],
            [
              57.5782423,
              -20.433128
            ],
            [
              57.5760429,
              -20.4319416
            ],
            [
              57.5763862,
              -20.4311976
            ],
            [
              57.5740044,
              -20.428111
            ],
            [
              57.5718372,
              -20.4266733
            ],
            [
              57.570936,
              -20.4243005
            ],
            [
              57.5695734,
              -20.4230336
            ],
            [
              57.5685864,
              -20.4231442
            ],
            [
              57.5669257,
              -20.4190861
            ],
            [
              57.5670746,
              -20.4178117
            ],
            [
              57.5661385,
              -20.4159126
            ],
            [
              57.5664242,
              -20.4140449
            ],
            [
              57.5641322,
              -20.4097777
            ],
            [
              57.5624907,
              -20.4094974
            ],
            [
              57.5620468,
              -20.4070313
            ],
            [
              57.562138,
              -20.4058875
            ],
            [
              57.5631639,
              -20.4049046
            ],
            [
              57.5617222,
              -20.403762
            ],
            [
              57.5539237,
              -20.404931
            ],
            [
              57.5485231,
              -20.4035911
            ],
            [
              57.5464511,
              -20.4042698
            ],
            [
              57.5452508,
              -20.4030041
            ],
            [
              57.545401,
              -20.4022222
            ],
            [
              57.5439607,
              -20.4028042
            ],
            [
              57.5423098,
              -20.4014228
            ],
            [
              57.5415198,
              -20.4022021
            ],
            [
              57.5405569,
              -20.4014743
            ],
            [
              57.5388966,
              -20.4016453
            ],
            [
              57.5373155,
              -20.4002714
            ],
            [
              57.5359985,
              -20.4018125
            ],
            [
              57.5313073,
              -20.4006849
            ],
            [
              57.5307669,
              -20.3989842
            ],
            [
              57.5295076,
              -20.3991024
            ],
            [
              57.5283864,
              -20.3994393
            ],
            [
              57.5275415,
              -20.3994267
            ],
            [
              57.5274906,
              -20.3999245
            ],
            [
              57.5266752,
              -20.3994418
            ],
            [
              57.5270748,
              -20.3990948
            ],
            [
              57.5250095,
              -20.3983205
            ],
            [
              57.5234431,
              -20.3993638
            ],
            [
              57.5225955,
              -20.398939
            ],
            [
              57.5219035,
              -20.3994594
            ],
            [
              57.5205114,
              -20.3983608
            ],
            [
              57.5173643,
              -20.3982688
            ],
            [
              57.5156921,
              -20.3982571
            ],
            [
              57.5159469,
              -20.399385
            ],
            [
              57.5141401,
              -20.3987348
            ],
            [
              57.5102373,
              -20.3988873
            ],
            [
              57.509904,
              -20.3973928
            ],
            [
              57.5088533,
              -20.39699
            ],
            [
              57.5093074,
              -20.396018
            ],
            [
              57.508819,
              -20.3959367
            ],
            [
              57.5079572,
              -20.3962054
            ],
            [
              57.5073874,
              -20.3948967
            ],
            [
              57.5036992,
              -20.39353
            ],
            [
              57.5014249,
              -20.3925999
            ],
            [
              57.4998301,
              -20.3914639
            ],
            [
              57.4993561,
              -20.3920111
            ],
            [
              57.4986696,
              -20.3913676
            ],
            [
              57.4971669,
              -20.3937397
            ],
            [
              57.4953799,
              -20.3925267
            ],
            [
              57.4927887,
              -20.3957352
            ],
            [
              57.4907881,
              -20.3986073
            ],
            [
              57.4881211,
              -20.3991712
            ],
            [
              57.4865234,
              -20.3994494
            ],
            [
              57.4851289,
              -20.4009926
            ],
            [
              57.4843077,
              -20.4013584
            ],
            [
              57.484576,
              -20.4032065
            ],
            [
              57.4840312,
              -20.407596
            ],
            [
              57.4829173,
              -20.4084267
            ],
            [
              57.4818522,
              -20.4098936
            ],
            [
              57.4824864,
              -20.41093
            ],
            [
              57.4816733,
              -20.4119245
            ],
            [
              57.4807829,
              -20.4140772
            ],
            [
              57.4828726,
              -20.4165538
            ],
            [
              57.4820188,
              -20.4183674
            ],
            [
              57.4814741,
              -20.4200209
            ],
            [
              57.4621363,
              -20.4211589
            ],
            [
              57.4595043,
              -20.4223298
            ],
            [
              57.4585855,
              -20.4204553
            ],
            [
              57.4587969,
              -20.4174911
            ],
            [
              57.4542354,
              -20.4166452
            ],
            [
              57.4504627,
              -20.4139401
            ],
            [
              57.4428968,
              -20.4157994
            ],
            [
              57.4411812,
              -20.4168853
            ],
            [
              57.4389737,
              -20.4170567
            ],
            [
              57.437193,
              -20.4162757
            ],
            [
              57.4359611,
              -20.418135
            ],
            [
              57.4351115,
              -20.418154
            ],
            [
              57.4323113,
              -20.4218047
            ],
            [
              57.4276366,
              -20.4224787
            ],
            [
              57.4218738,
              -20.4215421
            ],
            [
              57.4204891,
              -20.421657
            ],
            [
              57.420662,
              -20.4250627
            ],
            [
              57.4179143,
              -20.4286768
            ],
            [
              57.4151301,
              -20.4293655
            ],
            [
              57.4134135,
              -20.4305569
            ],
            [
              57.4132311,
              -20.431889
            ],
            [
              57.4103236,
              -20.4325878
            ],
            [
              57.4089342,
              -20.4350409
            ],
            [
              57.4074483,
              -20.4383485
            ],
            [
              57.4052542,
              -20.4397007
            ],
            [
              57.4019819,
              -20.4406356
            ],
            [
              57.402057,
              -20.441847
            ],
            [
              57.4003082,
              -20.4449736
            ],
            [
              57.3976099,
              -20.4444106
            ],
            [
              57.3949331,
              -20.4443754
            ],
            [
              57.3937583,
              -20.4429227
            ],
            [
              57.3913223,
              -20.4431763
            ],
            [
              57.39084,
              -20.441274
            ],
            [
              57.3885764,
              -20.4414863
            ],
            [
              57.3887137,
              -20.4431189
            ],
            [
              57.3874349,
              -20.443891
            ],
            [
              57.3859833,
              -20.4430526
            ],
            [
              57.3843543,
              -20.4449239
            ],
            [
              57.3847025,
              -20.4462217
            ],
            [
              57.3819074,
              -20.4473653
            ],
            [
              57.3803968,
              -20.4468265
            ],
            [
              57.3776158,
              -20.4496091
            ],
            [
              57.3762168,
              -20.4497941
            ],
            [
              57.3769464,
              -20.4534291
            ],
            [
              57.3749808,
              -20.4566619
            ],
            [
              57.3776073,
              -20.4571686
            ],
            [
              57.3789376,
              -20.4574581
            ],
            [
              57.3783454,
              -20.460345
            ],
            [
              57.3801221,
              -20.4628861
            ],
            [
              57.3775128,
              -20.4651297
            ],
            [
              57.381667,
              -20.4695041
            ],
            [
              57.3834008,
              -20.4690297
            ],
            [
              57.3851518,
              -20.4701555
            ],
            [
              57.3848514,
              -20.4721094
            ],
            [
              57.3828515,
              -20.4735327
            ],
            [
              57.3812293,
              -20.4760093
            ],
            [
              57.3804065,
              -20.4769165
            ],
            [
              57.3799823,
              -20.479444
            ],
            [
              57.3774096,
              -20.4787411
            ],
            [
              57.3745583,
              -20.4769184
            ],
            [
              57.37367,
              -20.4779543
            ],
            [
              57.3733779,
              -20.4796943
            ],
            [
              57.3738241,
              -20.4811149
            ],
            [
              57.3728655,
              -20.482733
            ],
            [
              57.372762,
              -20.4852984
            ],
            [
              57.3710105,
              -20.4910892
            ],
            [
              57.3730463,
              -20.4902582
            ],
            [
              57.3761868,
              -20.4930887
            ],
            [
              57.377079,
              -20.4925345
            ],
            [
              57.3891717,
              -20.4992904
            ],
            [
              57.394854,
              -20.4999825
            ],
            [
              57.3973659,
              -20.5002828
            ],
            [
              57.3971218,
              -20.5010264
            ],
            [
              57.3981692,
              -20.5026092
            ],
            [
              57.3980498,
              -20.5040286
            ],
            [
              57.4053731,
              -20.5062347
            ],
            [
              57.4088822,
              -20.5062356
            ],
            [
              57.4092038,
              -20.507066
            ],
            [
              57.4168065,
              -20.5121783
            ],
            [
              57.4288563,
              -20.5118328
            ],
            [
              57.4400948,
              -20.5088107
            ],
            [
              57.4451239,
              -20.5036204
            ],
            [
              57.4447095,
              -20.5026984
            ],
            [
              57.4464038,
              -20.5012778
            ],
            [
              57.4484928,
              -20.5021683
            ],
            [
              57.4486375,
              -20.503307
            ],
            [
              57.4479778,
              -20.503996
            ],
            [
              57.4481859,
              -20.5047121
            ],
            [
              57.4484543,
              -20.5043236
            ],
            [
              57.4533302,
              -20.5027838
            ],
            [
              57.4558327,
              -20.5046215
            ],
            [
              57.4579516,
              -20.5076815
            ],
            [
              57.4646929,
              -20.5090325
            ],
            [
              57.4705481,
              -20.5131084
            ],
            [
              57.4700109,
              -20.5153371
            ],
            [
              57.4729906,
              -20.5163688
            ],
            [
              57.4786886,
              -20.5176303
            ],
            [
              57.4813868,
              -20.5190544
            ],
            [
              57.4842643,
              -20.519417
            ],
            [
              57.500176,
              -20.5175679
            ],
            [
              57.5065859,
              -20.5191655
            ],
            [
              57.5111236,
              -20.5226734
            ],
            [
              57.5170194,
              -20.5227059
            ],
            [
              57.518245,
              -20.5194671
            ],
            [
              57.5192033,
              -20.5182648
            ],
            [
              57.5183536,
              -20.5175152
            ],
            [
              57.5190993,
              -20.516739
            ],
            [
              57.5213906,
              -20.5187875
            ],
            [
              57.521064,
              -20.5199544
            ],
            [
              57.522051,
              -20.5222944
            ],
            [
              57.5284521,
              -20.5254142
            ],
            [
              57.5315943,
              -20.5248088
            ],
            [
              57.5361621,
              -20.5237601
            ],
            [
              57.5366892,
              -20.5243567
            ],
            [
              57.537223,
              -20.5228545
            ],
            [
              57.5402203,
              -20.522224
            ],
            [
              57.5402636,
              -20.5212698
            ],
            [
              57.5419074,
              -20.5214629
            ],
            [
              57.545278,
              -20.520684
            ],
            [
              57.5494833,
              -20.5205686
            ],
            [
              57.5509223,
              -20.5198778
            ],
            [
              57.5533461,
              -20.5189732
            ],
            [
              57.5537156,
              -20.51739
            ],
            [
              57.5535859,
              -20.516485
            ],
            [
              57.5562935,
              -20.516018
            ],
            [
              57.558634,
              -20.5169397
            ],
            [
              57.5600204,
              -20.5159766
            ],
            [
              57.564091,
              -20.5168129
            ],
            [
              57.5646596,
              -20.5175665
            ],
            [
              57.5708967,
              -20.5149617
            ],
            [
              57.5758937,
              -20.5132987
            ],
            [
              57.5776459,
              -20.5132598
            ],
            [
              57.577849,
              -20.5138715
            ],
            [
              57.5808467,
              -20.5130581
            ],
            [
              57.5818858,
              -20.5130588
            ],
            [
              57.5819126,
              -20.5137031
            ],
            [
              57.5866306,
              -20.5123566
            ],
            [
              57.589463,
              -20.5105755
            ],
            [
              57.5901577,
              -20.5106685
            ],
            [
              57.5915202,
              -20.508714
            ],
            [
              57.5931376,
              -20.5083955
            ],
            [
              57.5938672,
              -20.5068198
            ],
            [
              57.5959422,
              -20.5061696
            ],
            [
              57.5964475,
              -20.5048828
            ],
            [
              57.5973541,
              -20.5051692
            ],
            [
              57.6009428,
              -20.5008275
            ]
          ]
        ]
      }
    },
    {
      "id": "9",
      "type": "Feature",
      "properties": {
        "name": "Port Louis",
        "id": "604c4c55-5a6f-411f-a9f8-664fd26922a6",
        "intensity": "Moderate",
        "color": "#FFA500",
        "layerName": "Chikungunya Outbreak Intensity (July 2026)"
      },
      "geometry": {
        "type": "Polygon",
        "coordinates": [
          [
            [
              57.5168517,
              -20.1934476
            ],
            [
              57.5258361,
              -20.197947
            ],
            [
              57.5300983,
              -20.198016
            ],
            [
              57.533188,
              -20.1970621
            ],
            [
              57.5351557,
              -20.1970927
            ],
            [
              57.5363022,
              -20.196032
            ],
            [
              57.5422622,
              -20.1967569
            ],
            [
              57.5447096,
              -20.1968943
            ],
            [
              57.5547913,
              -20.1924249
            ],
            [
              57.5559471,
              -20.1908317
            ],
            [
              57.5556237,
              -20.1834422
            ],
            [
              57.5563878,
              -20.1823201
            ],
            [
              57.5531958,
              -20.1762239
            ],
            [
              57.5548103,
              -20.1710877
            ],
            [
              57.5533437,
              -20.1687393
            ],
            [
              57.5499719,
              -20.1621006
            ],
            [
              57.5504352,
              -20.1604792
            ],
            [
              57.5510514,
              -20.1540813
            ],
            [
              57.546553,
              -20.1476138
            ],
            [
              57.5444086,
              -20.1442469
            ],
            [
              57.5429548,
              -20.1415852
            ],
            [
              57.5307228,
              -20.1441688
            ],
            [
              57.5297988,
              -20.1445604
            ],
            [
              57.5252668,
              -20.1445508
            ],
            [
              57.5222122,
              -20.1429279
            ],
            [
              57.5204164,
              -20.1430978
            ],
            [
              57.5183485,
              -20.1411847
            ],
            [
              57.5159975,
              -20.141184
            ],
            [
              57.5133663,
              -20.1403637
            ],
            [
              57.5105526,
              -20.1402189
            ],
            [
              57.5091002,
              -20.1390958
            ],
            [
              57.5075363,
              -20.1409419
            ],
            [
              57.501654,
              -20.1406238
            ],
            [
              57.4991333,
              -20.139361
            ],
            [
              57.4987359,
              -20.1386031
            ],
            [
              57.4965968,
              -20.1388195
            ],
            [
              57.4868236,
              -20.1439507
            ],
            [
              57.4845001,
              -20.1434581
            ],
            [
              57.4843177,
              -20.1449388
            ],
            [
              57.4883098,
              -20.1481359
            ],
            [
              57.4898518,
              -20.1488893
            ],
            [
              57.491074,
              -20.1494213
            ],
            [
              57.492296,
              -20.1509991
            ],
            [
              57.4969875,
              -20.1539985
            ],
            [
              57.4991905,
              -20.1527227
            ],
            [
              57.4988952,
              -20.1533286
            ],
            [
              57.4997932,
              -20.153775
            ],
            [
              57.4984931,
              -20.155027
            ],
            [
              57.4969924,
              -20.1552304
            ],
            [
              57.4984223,
              -20.1582919
            ],
            [
              57.5001119,
              -20.1578575
            ],
            [
              57.5010068,
              -20.1567774
            ],
            [
              57.5039765,
              -20.1565685
            ],
            [
              57.5049084,
              -20.1568894
            ],
            [
              57.5032223,
              -20.1582214
            ],
            [
              57.5014134,
              -20.157804
            ],
            [
              57.5003696,
              -20.1596497
            ],
            [
              57.5005567,
              -20.1604887
            ],
            [
              57.4991151,
              -20.1611117
            ],
            [
              57.4975672,
              -20.1600451
            ],
            [
              57.4973154,
              -20.1606525
            ],
            [
              57.4967917,
              -20.1597726
            ],
            [
              57.4959826,
              -20.1597555
            ],
            [
              57.4952933,
              -20.1577832
            ],
            [
              57.4896063,
              -20.1543152
            ],
            [
              57.4875546,
              -20.1536597
            ],
            [
              57.4827808,
              -20.1495595
            ],
            [
              57.4808657,
              -20.1487915
            ],
            [
              57.4793309,
              -20.1495079
            ],
            [
              57.4769487,
              -20.1523835
            ],
            [
              57.4817316,
              -20.1568663
            ],
            [
              57.4786958,
              -20.1613661
            ],
            [
              57.4755334,
              -20.1630137
            ],
            [
              57.4761979,
              -20.1632146
            ],
            [
              57.4765298,
              -20.1642627
            ],
            [
              57.477393,
              -20.1690767
            ],
            [
              57.4739631,
              -20.1708304
            ],
            [
              57.4745344,
              -20.1712069
            ],
            [
              57.4747566,
              -20.1729342
            ],
            [
              57.4731088,
              -20.1714549
            ],
            [
              57.4720578,
              -20.174944
            ],
            [
              57.4710931,
              -20.1737679
            ],
            [
              57.4716217,
              -20.1710107
            ],
            [
              57.4731316,
              -20.168216
            ],
            [
              57.4709825,
              -20.1665301
            ],
            [
              57.4687289,
              -20.1817008
            ],
            [
              57.4690031,
              -20.1863335
            ],
            [
              57.4760136,
              -20.1865811
            ],
            [
              57.4788661,
              -20.1829369
            ],
            [
              57.4883203,
              -20.1793773
            ],
            [
              57.4952253,
              -20.1789195
            ],
            [
              57.5024201,
              -20.1825283
            ],
            [
              57.5059325,
              -20.1874791
            ],
            [
              57.5136598,
              -20.1927189
            ],
            [
              57.5168517,
              -20.1934476
            ]
          ],
          [
            [
              57.495717,
              -20.1604617
            ],
            [
              57.4976504,
              -20.1613401
            ],
            [
              57.4959572,
              -20.162364
            ],
            [
              57.495717,
              -20.1604617
            ]
          ]
        ]
      }
    },
    {
      "id": "10",
      "type": "Feature",
      "properties": {
        "name": "Grand Port",
        "id": "6ed8d4f2-7353-47a3-8fad-856f4f8c745f",
        "intensity": "Moderate",
        "color": "#FFA500",
        "layerName": "Chikungunya Outbreak Intensity (July 2026)"
      },
      "geometry": {
        "type": "MultiPolygon",
        "coordinates": [
          [
            [
              [
                57.7101516,
                -20.4482491
              ],
              [
                57.7095063,
                -20.4502598
              ],
              [
                57.7103971,
                -20.4514061
              ],
              [
                57.7122195,
                -20.4492018
              ],
              [
                57.7101516,
                -20.4482491
              ]
            ]
          ],
          [
            [
              [
                57.6265727,
                -20.4942882
              ],
              [
                57.629024,
                -20.4953304
              ],
              [
                57.6317829,
                -20.4947806
              ],
              [
                57.6322952,
                -20.4948836
              ],
              [
                57.6332661,
                -20.4949892
              ],
              [
                57.6369075,
                -20.4927673
              ],
              [
                57.6382497,
                -20.4928787
              ],
              [
                57.6408032,
                -20.4914391
              ],
              [
                57.6426217,
                -20.4911526
              ],
              [
                57.6466355,
                -20.4898009
              ],
              [
                57.6479378,
                -20.4907657
              ],
              [
                57.648493,
                -20.4905622
              ],
              [
                57.6489007,
                -20.4902431
              ],
              [
                57.6509714,
                -20.4892205
              ],
              [
                57.6515052,
                -20.4894718
              ],
              [
                57.652047,
                -20.4894492
              ],
              [
                57.6524225,
                -20.488517
              ],
              [
                57.6529106,
                -20.4885547
              ],
              [
                57.6533747,
                -20.4882105
              ],
              [
                57.6555902,
                -20.4868436
              ],
              [
                57.6561736,
                -20.4871263
              ],
              [
                57.6571298,
                -20.4854391
              ],
              [
                57.6581262,
                -20.4852657
              ],
              [
                57.6600654,
                -20.4844793
              ],
              [
                57.6624995,
                -20.4830421
              ],
              [
                57.6637776,
                -20.4833072
              ],
              [
                57.6651952,
                -20.4823976
              ],
              [
                57.6672028,
                -20.4806186
              ],
              [
                57.6693311,
                -20.4807367
              ],
              [
                57.669771,
                -20.4801431
              ],
              [
                57.6711336,
                -20.479356
              ],
              [
                57.6714742,
                -20.4797405
              ],
              [
                57.6726182,
                -20.4787429
              ],
              [
                57.6740438,
                -20.4780708
              ],
              [
                57.6741859,
                -20.4785846
              ],
              [
                57.6774207,
                -20.4774539
              ],
              [
                57.6773643,
                -20.4769916
              ],
              [
                57.6790622,
                -20.476533
              ],
              [
                57.6798803,
                -20.4757942
              ],
              [
                57.6807695,
                -20.4761488
              ],
              [
                57.6803738,
                -20.4747741
              ],
              [
                57.6775561,
                -20.471601
              ],
              [
                57.6806387,
                -20.4703471
              ],
              [
                57.683927,
                -20.4686887
              ],
              [
                57.6853298,
                -20.4682326
              ],
              [
                57.6907334,
                -20.4625103
              ],
              [
                57.6910907,
                -20.4609895
              ],
              [
                57.691975,
                -20.4583265
              ],
              [
                57.6944931,
                -20.4574785
              ],
              [
                57.6977123,
                -20.4579081
              ],
              [
                57.7003475,
                -20.4563198
              ],
              [
                57.6994094,
                -20.4549973
              ],
              [
                57.7004564,
                -20.4528941
              ],
              [
                57.7060365,
                -20.4491097
              ],
              [
                57.7067155,
                -20.4498181
              ],
              [
                57.708653,
                -20.4481032
              ],
              [
                57.7064254,
                -20.4478707
              ],
              [
                57.7058715,
                -20.4446726
              ],
              [
                57.7045724,
                -20.444065
              ],
              [
                57.70436,
                -20.4448907
              ],
              [
                57.7005493,
                -20.4453493
              ],
              [
                57.6987905,
                -20.4436698
              ],
              [
                57.6994559,
                -20.4407247
              ],
              [
                57.7043482,
                -20.4425544
              ],
              [
                57.7021327,
                -20.439277
              ],
              [
                57.7110072,
                -20.443972
              ],
              [
                57.713659,
                -20.4424788
              ],
              [
                57.7164867,
                -20.4432546
              ],
              [
                57.7168123,
                -20.4455462
              ],
              [
                57.7192607,
                -20.4447223
              ],
              [
                57.7271988,
                -20.435358
              ],
              [
                57.7275196,
                -20.4263964
              ],
              [
                57.7248462,
                -20.4248694
              ],
              [
                57.7242722,
                -20.4256505
              ],
              [
                57.7211154,
                -20.4227116
              ],
              [
                57.7199674,
                -20.4223698
              ],
              [
                57.7205254,
                -20.4207355
              ],
              [
                57.7184799,
                -20.4193783
              ],
              [
                57.7193161,
                -20.4181913
              ],
              [
                57.7183412,
                -20.416607
              ],
              [
                57.7178825,
                -20.4168559
              ],
              [
                57.7173072,
                -20.4169765
              ],
              [
                57.7154632,
                -20.4169313
              ],
              [
                57.714924,
                -20.4183565
              ],
              [
                57.7173118,
                -20.4199427
              ],
              [
                57.7166755,
                -20.4211844
              ],
              [
                57.7141292,
                -20.4189309
              ],
              [
                57.71318,
                -20.4199707
              ],
              [
                57.711806,
                -20.4189659
              ],
              [
                57.7108567,
                -20.4168163
              ],
              [
                57.7115633,
                -20.416039
              ],
              [
                57.710914,
                -20.4155433
              ],
              [
                57.7110795,
                -20.4142433
              ],
              [
                57.7106697,
                -20.4132904
              ],
              [
                57.7119199,
                -20.4094016
              ],
              [
                57.7100605,
                -20.4079301
              ],
              [
                57.7095616,
                -20.4065864
              ],
              [
                57.7100834,
                -20.4050358
              ],
              [
                57.7096307,
                -20.4039185
              ],
              [
                57.7087683,
                -20.4047398
              ],
              [
                57.7076484,
                -20.4031166
              ],
              [
                57.7088434,
                -20.4026641
              ],
              [
                57.7067627,
                -20.4015761
              ],
              [
                57.7033831,
                -20.4012883
              ],
              [
                57.7027822,
                -20.4016348
              ],
              [
                57.704237,
                -20.402747
              ],
              [
                57.7049963,
                -20.4063507
              ],
              [
                57.7035732,
                -20.40787
              ],
              [
                57.7039077,
                -20.4048951
              ],
              [
                57.7025647,
                -20.4025247
              ],
              [
                57.699631,
                -20.4018914
              ],
              [
                57.7000968,
                -20.3990726
              ],
              [
                57.6982869,
                -20.3975651
              ],
              [
                57.6958624,
                -20.3965361
              ],
              [
                57.6945372,
                -20.3963558
              ],
              [
                57.6929013,
                -20.3952994
              ],
              [
                57.6937607,
                -20.3948952
              ],
              [
                57.6979583,
                -20.3940806
              ],
              [
                57.7012563,
                -20.394523
              ],
              [
                57.7000363,
                -20.3913267
              ],
              [
                57.7024604,
                -20.3885226
              ],
              [
                57.7023985,
                -20.3867683
              ],
              [
                57.7028359,
                -20.3859662
              ],
              [
                57.7022276,
                -20.3852263
              ],
              [
                57.7036562,
                -20.3818027
              ],
              [
                57.703486,
                -20.374687
              ],
              [
                57.7044448,
                -20.3749623
              ],
              [
                57.704576,
                -20.3741727
              ],
              [
                57.7013004,
                -20.3711794
              ],
              [
                57.7022606,
                -20.3708475
              ],
              [
                57.7019517,
                -20.3696636
              ],
              [
                57.7038793,
                -20.3686498
              ],
              [
                57.7086094,
                -20.3699322
              ],
              [
                57.7092843,
                -20.3694059
              ],
              [
                57.7091445,
                -20.3698882
              ],
              [
                57.7102012,
                -20.3698239
              ],
              [
                57.713715,
                -20.3751056
              ],
              [
                57.7134958,
                -20.3770491
              ],
              [
                57.7129398,
                -20.3787992
              ],
              [
                57.7176525,
                -20.3786471
              ],
              [
                57.7215457,
                -20.3757782
              ],
              [
                57.7255878,
                -20.3750126
              ],
              [
                57.7282271,
                -20.3761818
              ],
              [
                57.7305834,
                -20.3731924
              ],
              [
                57.7352679,
                -20.3710788
              ],
              [
                57.7388751,
                -20.3662616
              ],
              [
                57.7402827,
                -20.3660464
              ],
              [
                57.7398022,
                -20.3656626
              ],
              [
                57.7441165,
                -20.358941
              ],
              [
                57.7456897,
                -20.3555735
              ],
              [
                57.7447769,
                -20.3541625
              ],
              [
                57.7459785,
                -20.3531649
              ],
              [
                57.7475563,
                -20.3529025
              ],
              [
                57.7476984,
                -20.3517972
              ],
              [
                57.7498154,
                -20.3527146
              ],
              [
                57.7516565,
                -20.3517737
              ],
              [
                57.7549177,
                -20.3526279
              ],
              [
                57.7585796,
                -20.3529562
              ],
              [
                57.7629705,
                -20.3513043
              ],
              [
                57.7652563,
                -20.3481955
              ],
              [
                57.7654132,
                -20.3421535
              ],
              [
                57.7661481,
                -20.3406081
              ],
              [
                57.7645574,
                -20.3404286
              ],
              [
                57.7636497,
                -20.3386012
              ],
              [
                57.7640453,
                -20.3372326
              ],
              [
                57.7665853,
                -20.338073
              ],
              [
                57.7668469,
                -20.3387018
              ],
              [
                57.7767737,
                -20.3390212
              ],
              [
                57.7790652,
                -20.3379331
              ],
              [
                57.7787961,
                -20.3355643
              ],
              [
                57.7740285,
                -20.333717
              ],
              [
                57.7686721,
                -20.3325827
              ],
              [
                57.7683127,
                -20.3309365
              ],
              [
                57.7704333,
                -20.3292263
              ],
              [
                57.7717716,
                -20.3277406
              ],
              [
                57.7703478,
                -20.3256118
              ],
              [
                57.7714435,
                -20.3233225
              ],
              [
                57.7701197,
                -20.3220046
              ],
              [
                57.770429,
                -20.318988
              ],
              [
                57.7744885,
                -20.3167104
              ],
              [
                57.7793959,
                -20.3152785
              ],
              [
                57.7810186,
                -20.3124965
              ],
              [
                57.7810566,
                -20.3082338
              ],
              [
                57.7808869,
                -20.3053721
              ],
              [
                57.7801654,
                -20.3024943
              ],
              [
                57.7769574,
                -20.3005961
              ],
              [
                57.7750652,
                -20.2994454
              ],
              [
                57.7728724,
                -20.2978052
              ],
              [
                57.7743906,
                -20.2946858
              ],
              [
                57.7792162,
                -20.2913222
              ],
              [
                57.7798173,
                -20.2917302
              ],
              [
                57.7800021,
                -20.2912712
              ],
              [
                57.7795458,
                -20.2886436
              ],
              [
                57.7774266,
                -20.2841757
              ],
              [
                57.7704338,
                -20.2886863
              ],
              [
                57.7704642,
                -20.2902662
              ],
              [
                57.7663383,
                -20.2914604
              ],
              [
                57.7607829,
                -20.2964985
              ],
              [
                57.7595097,
                -20.3003535
              ],
              [
                57.7592741,
                -20.3032856
              ],
              [
                57.7568352,
                -20.3089825
              ],
              [
                57.7558857,
                -20.3134408
              ],
              [
                57.7504912,
                -20.3174756
              ],
              [
                57.749923,
                -20.319334
              ],
              [
                57.7448309,
                -20.3209929
              ],
              [
                57.7400991,
                -20.3215287
              ],
              [
                57.7331428,
                -20.3274026
              ],
              [
                57.7318297,
                -20.3306163
              ],
              [
                57.7292725,
                -20.3294765
              ],
              [
                57.7267601,
                -20.3294955
              ],
              [
                57.72222,
                -20.3325993
              ],
              [
                57.7187829,
                -20.3328883
              ],
              [
                57.7138421,
                -20.3338604
              ],
              [
                57.7082766,
                -20.3327639
              ],
              [
                57.7056976,
                -20.3348326
              ],
              [
                57.7031716,
                -20.3346406
              ],
              [
                57.6958501,
                -20.3308749
              ],
              [
                57.690666,
                -20.3305099
              ],
              [
                57.6894772,
                -20.3295268
              ],
              [
                57.6845956,
                -20.3287069
              ],
              [
                57.6824766,
                -20.3270871
              ],
              [
                57.6797301,
                -20.3288175
              ],
              [
                57.6758784,
                -20.3282391
              ],
              [
                57.666716,
                -20.3259553
              ],
              [
                57.6596224,
                -20.3261884
              ],
              [
                57.6575107,
                -20.3281197
              ],
              [
                57.6537717,
                -20.3292799
              ],
              [
                57.6502228,
                -20.3272371
              ],
              [
                57.6466861,
                -20.3285558
              ],
              [
                57.6427973,
                -20.3339523
              ],
              [
                57.6391638,
                -20.3355855
              ],
              [
                57.6357576,
                -20.3354891
              ],
              [
                57.6275323,
                -20.3331469
              ],
              [
                57.6236203,
                -20.3347686
              ],
              [
                57.620285,
                -20.3375867
              ],
              [
                57.6163349,
                -20.3372657
              ],
              [
                57.61397,
                -20.3361348
              ],
              [
                57.6064068,
                -20.3372459
              ],
              [
                57.6018825,
                -20.3347668
              ],
              [
                57.5214887,
                -20.3967315
              ],
              [
                57.5205114,
                -20.3983608
              ],
              [
                57.5219035,
                -20.3994594
              ],
              [
                57.5232446,
                -20.398939
              ],
              [
                57.5241753,
                -20.399037
              ],
              [
                57.5258088,
                -20.3983784
              ],
              [
                57.5270748,
                -20.3990948
              ],
              [
                57.5266752,
                -20.3994418
              ],
              [
                57.5274906,
                -20.3999245
              ],
              [
                57.5277695,
                -20.3989968
              ],
              [
                57.5291562,
                -20.3995122
              ],
              [
                57.5300306,
                -20.3987429
              ],
              [
                57.5306274,
                -20.3994631
              ],
              [
                57.5317714,
                -20.40092
              ],
              [
                57.5366168,
                -20.4016051
              ],
              [
                57.5373155,
                -20.4002714
              ],
              [
                57.5393701,
                -20.4019532
              ],
              [
                57.5410263,
                -20.4018062
              ],
              [
                57.5419664,
                -20.4018011
              ],
              [
                57.542688,
                -20.4017886
              ],
              [
                57.5445347,
                -20.402813
              ],
              [
                57.545401,
                -20.4022222
              ],
              [
                57.5453889,
                -20.4036615
              ],
              [
                57.5474086,
                -20.4043729
              ],
              [
                57.549026,
                -20.4036765
              ],
              [
                57.5547673,
                -20.4049775
              ],
              [
                57.5617222,
                -20.403762
              ],
              [
                57.5631639,
                -20.4049046
              ],
              [
                57.561855,
                -20.4062533
              ],
              [
                57.5620468,
                -20.4070313
              ],
              [
                57.5628984,
                -20.4098883
              ],
              [
                57.5647035,
                -20.4101925
              ],
              [
                57.5666253,
                -20.415068
              ],
              [
                57.566219,
                -20.4167949
              ],
              [
                57.5673857,
                -20.4186425
              ],
              [
                57.5669512,
                -20.4196542
              ],
              [
                57.5685864,
                -20.4231442
              ],
              [
                57.5700455,
                -20.4232649
              ],
              [
                57.5717728,
                -20.4254266
              ],
              [
                57.5718372,
                -20.4266733
              ],
              [
                57.5755601,
                -20.4297498
              ],
              [
                57.5763862,
                -20.4311976
              ],
              [
                57.5764291,
                -20.4324342
              ],
              [
                57.5782423,
                -20.433128
              ],
              [
                57.5780385,
                -20.4349979
              ],
              [
                57.5801521,
                -20.4360234
              ],
              [
                57.5796371,
                -20.4404972
              ],
              [
                57.5806563,
                -20.4411306
              ],
              [
                57.5796585,
                -20.4419047
              ],
              [
                57.5822013,
                -20.444237
              ],
              [
                57.5849693,
                -20.4479767
              ],
              [
                57.5866108,
                -20.4476751
              ],
              [
                57.5866215,
                -20.449555
              ],
              [
                57.5882309,
                -20.4478359
              ],
              [
                57.5890892,
                -20.448238
              ],
              [
                57.589411,
                -20.4498063
              ],
              [
                57.5920074,
                -20.4532141
              ],
              [
                57.5926833,
                -20.4508316
              ],
              [
                57.5936811,
                -20.4524401
              ],
              [
                57.5937669,
                -20.4539479
              ],
              [
                57.5961595,
                -20.4555261
              ],
              [
                57.5956767,
                -20.4562097
              ],
              [
                57.5983911,
                -20.4568128
              ],
              [
                57.6015883,
                -20.4594666
              ],
              [
                57.5999253,
                -20.4605321
              ],
              [
                57.6037555,
                -20.4614368
              ],
              [
                57.6036482,
                -20.4652163
              ],
              [
                57.6049984,
                -20.4647904
              ],
              [
                57.6059929,
                -20.4635204
              ],
              [
                57.6068352,
                -20.4633944
              ],
              [
                57.6066618,
                -20.4655795
              ],
              [
                57.6085128,
                -20.4665477
              ],
              [
                57.6098648,
                -20.4689782
              ],
              [
                57.6116733,
                -20.4680299
              ],
              [
                57.6128306,
                -20.4689616
              ],
              [
                57.6106823,
                -20.4710107
              ],
              [
                57.6128483,
                -20.4718164
              ],
              [
                57.6126926,
                -20.4741639
              ],
              [
                57.6109265,
                -20.4743164
              ],
              [
                57.6119952,
                -20.4755591
              ],
              [
                57.6146023,
                -20.4768456
              ],
              [
                57.6143019,
                -20.4781824
              ],
              [
                57.6133471,
                -20.4784035
              ],
              [
                57.6141517,
                -20.4793181
              ],
              [
                57.6156752,
                -20.4786849
              ],
              [
                57.6170271,
                -20.4807252
              ],
              [
                57.618336,
                -20.4811775
              ],
              [
                57.6190226,
                -20.483067
              ],
              [
                57.6174991,
                -20.48366
              ],
              [
                57.620471,
                -20.4847354
              ],
              [
                57.6202886,
                -20.4862027
              ],
              [
                57.6212435,
                -20.4874691
              ],
              [
                57.6202994,
                -20.4879414
              ],
              [
                57.6191406,
                -20.4878208
              ],
              [
                57.6198595,
                -20.4887455
              ],
              [
                57.6219409,
                -20.4894791
              ],
              [
                57.6220911,
                -20.4919916
              ],
              [
                57.6229279,
                -20.4932077
              ],
              [
                57.6227653,
                -20.4947781
              ],
              [
                57.626043,
                -20.4941563
              ],
              [
                57.6263742,
                -20.4937983
              ],
              [
                57.6265727,
                -20.4942882
              ]
            ],
            [
              [
                57.7173072,
                -20.4169765
              ],
              [
                57.7180327,
                -20.4189573
              ],
              [
                57.7167962,
                -20.4187034
              ],
              [
                57.7165951,
                -20.4180524
              ],
              [
                57.7173072,
                -20.4169765
              ]
            ],
            [
              [
                57.7136681,
                -20.4208832
              ],
              [
                57.7162356,
                -20.4221572
              ],
              [
                57.7169357,
                -20.4229289
              ],
              [
                57.7182527,
                -20.4231626
              ],
              [
                57.7188856,
                -20.426512
              ],
              [
                57.7181386,
                -20.4264496
              ],
              [
                57.7161739,
                -20.4237533
              ],
              [
                57.7166574,
                -20.4233038
              ],
              [
                57.7153271,
                -20.4232222
              ],
              [
                57.7136681,
                -20.4208832
              ]
            ]
          ],
          [
            [
              [
                57.7211154,
                -20.4227116
              ],
              [
                57.723304,
                -20.4228826
              ],
              [
                57.7216597,
                -20.420458
              ],
              [
                57.7211254,
                -20.4203789
              ],
              [
                57.7205254,
                -20.4207355
              ],
              [
                57.7211154,
                -20.4227116
              ]
            ]
          ]
        ]
      }
    },
    {
      "id": "11",
      "type": "Feature",
      "properties": {
        "name": "Plaines Wilhems",
        "id": "be77099e-1834-49b5-bcb1-13b799ad3a38",
        "intensity": "Very High",
        "color": "#8B0000",
        "layerName": "Chikungunya Outbreak Intensity (July 2026)"
      },
      "geometry": {
        "type": "Polygon",
        "coordinates": [
          [
            [
              57.5162216,
              -20.2444556
            ],
            [
              57.5130308,
              -20.2468927
            ],
            [
              57.5114965,
              -20.24686
            ],
            [
              57.5095278,
              -20.2474362
            ],
            [
              57.5079989,
              -20.2462635
            ],
            [
              57.5042921,
              -20.2464598
            ],
            [
              57.505129,
              -20.2450858
            ],
            [
              57.5015294,
              -20.2453324
            ],
            [
              57.5017172,
              -20.242977
            ],
            [
              57.499901,
              -20.2430136
            ],
            [
              57.4999938,
              -20.2421008
            ],
            [
              57.5009558,
              -20.2410532
            ],
            [
              57.4943514,
              -20.2379805
            ],
            [
              57.4933576,
              -20.2382781
            ],
            [
              57.4932168,
              -20.2398925
            ],
            [
              57.4920661,
              -20.239486
            ],
            [
              57.490291,
              -20.2386585
            ],
            [
              57.4888641,
              -20.2383163
            ],
            [
              57.4875498,
              -20.2365597
            ],
            [
              57.4837142,
              -20.235855
            ],
            [
              57.4833012,
              -20.2331269
            ],
            [
              57.4832261,
              -20.2317478
            ],
            [
              57.482577,
              -20.2277612
            ],
            [
              57.4841595,
              -20.2274441
            ],
            [
              57.48321,
              -20.2257176
            ],
            [
              57.4825019,
              -20.2245146
            ],
            [
              57.4833065,
              -20.2226017
            ],
            [
              57.4805599,
              -20.2215749
            ],
            [
              57.4793798,
              -20.2209054
            ],
            [
              57.4791608,
              -20.217776
            ],
            [
              57.4771863,
              -20.2152001
            ],
            [
              57.4779535,
              -20.2146855
            ],
            [
              57.4777041,
              -20.2137106
            ],
            [
              57.4763451,
              -20.2125747
            ],
            [
              57.4758425,
              -20.2102963
            ],
            [
              57.4746563,
              -20.2092242
            ],
            [
              57.4728797,
              -20.2018476
            ],
            [
              57.4716493,
              -20.1980345
            ],
            [
              57.4744442,
              -20.1927103
            ],
            [
              57.4711475,
              -20.1897405
            ],
            [
              57.4710679,
              -20.1876312
            ],
            [
              57.4725378,
              -20.1870875
            ],
            [
              57.4690031,
              -20.1863335
            ],
            [
              57.463944,
              -20.1905328
            ],
            [
              57.4576359,
              -20.1992299
            ],
            [
              57.4519947,
              -20.2012705
            ],
            [
              57.4494326,
              -20.2062111
            ],
            [
              57.4482473,
              -20.2291049
            ],
            [
              57.4521339,
              -20.2595299
            ],
            [
              57.4563968,
              -20.265257
            ],
            [
              57.4494635,
              -20.3103596
            ],
            [
              57.4531603,
              -20.3113135
            ],
            [
              57.4569808,
              -20.3153933
            ],
            [
              57.4586076,
              -20.3210218
            ],
            [
              57.4566419,
              -20.3228767
            ],
            [
              57.4536447,
              -20.3256285
            ],
            [
              57.4561049,
              -20.3291748
            ],
            [
              57.4597476,
              -20.3330292
            ],
            [
              57.4598462,
              -20.3358489
            ],
            [
              57.4603022,
              -20.3374205
            ],
            [
              57.4614096,
              -20.3383258
            ],
            [
              57.4632642,
              -20.3370581
            ],
            [
              57.4672918,
              -20.3380404
            ],
            [
              57.4696984,
              -20.3415315
            ],
            [
              57.4701939,
              -20.3459118
            ],
            [
              57.4668317,
              -20.3496748
            ],
            [
              57.4643194,
              -20.3516643
            ],
            [
              57.463222,
              -20.3511915
            ],
            [
              57.4634315,
              -20.3473624
            ],
            [
              57.4620371,
              -20.3468174
            ],
            [
              57.4575407,
              -20.3472976
            ],
            [
              57.4561747,
              -20.3449114
            ],
            [
              57.4522206,
              -20.3452206
            ],
            [
              57.4498454,
              -20.3445334
            ],
            [
              57.4440873,
              -20.3484596
            ],
            [
              57.4452352,
              -20.3503859
            ],
            [
              57.4427676,
              -20.3536853
            ],
            [
              57.4397957,
              -20.3553953
            ],
            [
              57.4423331,
              -20.3592302
            ],
            [
              57.4403302,
              -20.3633125
            ],
            [
              57.438143,
              -20.3645998
            ],
            [
              57.4402382,
              -20.3672144
            ],
            [
              57.4381076,
              -20.3710034
            ],
            [
              57.4375413,
              -20.3717864
            ],
            [
              57.4408682,
              -20.3739364
            ],
            [
              57.4437986,
              -20.3796561
            ],
            [
              57.4504589,
              -20.3832431
            ],
            [
              57.4508652,
              -20.3851342
            ],
            [
              57.4492354,
              -20.3889951
            ],
            [
              57.4485395,
              -20.3913939
            ],
            [
              57.4474141,
              -20.3923482
            ],
            [
              57.4433745,
              -20.3912144
            ],
            [
              57.4403764,
              -20.3923788
            ],
            [
              57.437948,
              -20.3921249
            ],
            [
              57.4371099,
              -20.3947417
            ],
            [
              57.4424031,
              -20.3954735
            ],
            [
              57.4486564,
              -20.3982011
            ],
            [
              57.450951,
              -20.4002412
            ],
            [
              57.4555188,
              -20.4017597
            ],
            [
              57.4621868,
              -20.4021368
            ],
            [
              57.4636781,
              -20.4044496
            ],
            [
              57.4631739,
              -20.4075567
            ],
            [
              57.4653625,
              -20.4120213
            ],
            [
              57.468313,
              -20.4147261
            ],
            [
              57.467916,
              -20.4155707
            ],
            [
              57.465502,
              -20.4156813
            ],
            [
              57.4652231,
              -20.4177727
            ],
            [
              57.4621363,
              -20.4211589
            ],
            [
              57.4814741,
              -20.4200209
            ],
            [
              57.4820188,
              -20.4183674
            ],
            [
              57.4828726,
              -20.4165538
            ],
            [
              57.4807829,
              -20.4140772
            ],
            [
              57.4816733,
              -20.4119245
            ],
            [
              57.4823278,
              -20.410168
            ],
            [
              57.4818522,
              -20.4098936
            ],
            [
              57.4834661,
              -20.407577
            ],
            [
              57.4843118,
              -20.4069597
            ],
            [
              57.4844744,
              -20.4019567
            ],
            [
              57.4845882,
              -20.4008936
            ],
            [
              57.4865193,
              -20.3999409
            ],
            [
              57.4869624,
              -20.3992589
            ],
            [
              57.4907881,
              -20.3986073
            ],
            [
              57.4927887,
              -20.3957352
            ],
            [
              57.4953799,
              -20.3925267
            ],
            [
              57.4971669,
              -20.3937397
            ],
            [
              57.4986696,
              -20.3913676
            ],
            [
              57.4993561,
              -20.3920111
            ],
            [
              57.5003485,
              -20.3915252
            ],
            [
              57.5023869,
              -20.3931689
            ],
            [
              57.5057122,
              -20.394183
            ],
            [
              57.5078563,
              -20.3950278
            ],
            [
              57.5084827,
              -20.3964111
            ],
            [
              57.508819,
              -20.3959367
            ],
            [
              57.5090225,
              -20.3964011
            ],
            [
              57.5093232,
              -20.3972412
            ],
            [
              57.5102617,
              -20.3983729
            ],
            [
              57.5112211,
              -20.3990169
            ],
            [
              57.5148515,
              -20.3987199
            ],
            [
              57.5159469,
              -20.399385
            ],
            [
              57.5156921,
              -20.3982571
            ],
            [
              57.5178067,
              -20.3984479
            ],
            [
              57.5192083,
              -20.3987299
            ],
            [
              57.6018825,
              -20.3347668
            ],
            [
              57.5930855,
              -20.3340892
            ],
            [
              57.5876401,
              -20.3329803
            ],
            [
              57.5803891,
              -20.3283431
            ],
            [
              57.5741437,
              -20.3265428
            ],
            [
              57.5672139,
              -20.3253812
            ],
            [
              57.5599855,
              -20.3235531
            ],
            [
              57.5582509,
              -20.3222947
            ],
            [
              57.5538859,
              -20.3212298
            ],
            [
              57.5448237,
              -20.3088974
            ],
            [
              57.5355533,
              -20.2981654
            ],
            [
              57.5351686,
              -20.2946981
            ],
            [
              57.5393865,
              -20.2911234
            ],
            [
              57.540545,
              -20.288774
            ],
            [
              57.5401754,
              -20.2842149
            ],
            [
              57.5389476,
              -20.282455
            ],
            [
              57.5379353,
              -20.2827639
            ],
            [
              57.5370124,
              -20.2784757
            ],
            [
              57.5345526,
              -20.2763943
            ],
            [
              57.5334352,
              -20.2717563
            ],
            [
              57.5315445,
              -20.2707495
            ],
            [
              57.5312005,
              -20.2666286
            ],
            [
              57.5300114,
              -20.2662459
            ],
            [
              57.5320038,
              -20.2651412
            ],
            [
              57.5309,
              -20.263978
            ],
            [
              57.5294317,
              -20.2643843
            ],
            [
              57.5293177,
              -20.2631096
            ],
            [
              57.5277001,
              -20.2628656
            ],
            [
              57.527235,
              -20.2595253
            ],
            [
              57.5279038,
              -20.2590047
            ],
            [
              57.5267187,
              -20.2580092
            ],
            [
              57.527802,
              -20.2574991
            ],
            [
              57.5274909,
              -20.2549073
            ],
            [
              57.5259728,
              -20.255018
            ],
            [
              57.5259459,
              -20.2525318
            ],
            [
              57.5239937,
              -20.2514308
            ],
            [
              57.5241656,
              -20.2479087
            ],
            [
              57.5202622,
              -20.2466348
            ],
            [
              57.5188063,
              -20.2482673
            ],
            [
              57.5185105,
              -20.2470303
            ],
            [
              57.5187991,
              -20.2459165
            ],
            [
              57.5167827,
              -20.2459966
            ],
            [
              57.5162216,
              -20.2444556
            ]
          ]
        ]
      }
    }
  ]
}