{
  "type": "FeatureCollection",
  "features": [
    {
      "id": "4",
      "type": "Feature",
      "properties": {
        "name": "Pamplemousses",
        "id": "3350497c-bbd0-4af4-a566-a815815d4016",
        "cases": 178,
        "intensity": "Low",
        "color": "#FFFF00",
        "layerName": "Low Risk - Yellow"
      },
      "geometry": {
        "type": "Polygon",
        "coordinates": [
          [
            [
              57.6171112,
              -20.1669237
            ],
            [
              57.6242479,
              -20.1616415
            ],
            [
              57.6245268,
              -20.1605941
            ],
            [
              57.627885,
              -20.1614602
            ],
            [
              57.6285501,
              -20.1609365
            ],
            [
              57.6290437,
              -20.1620242
            ],
            [
              57.6303526,
              -20.1597078
            ],
            [
              57.6313611,
              -20.1603624
            ],
            [
              57.6321765,
              -20.1597783
            ],
            [
              57.6323267,
              -20.1611883
            ],
            [
              57.6364251,
              -20.1601409
            ],
            [
              57.6354595,
              -20.1592143
            ],
            [
              57.6359423,
              -20.1585697
            ],
            [
              57.6380452,
              -20.1598991
            ],
            [
              57.6386245,
              -20.1593754
            ],
            [
              57.6381953,
              -20.158912
            ],
            [
              57.6417081,
              -20.157266
            ],
            [
              57.6435169,
              -20.1540878
            ],
            [
              57.6427229,
              -20.153564
            ],
            [
              57.6429355,
              -20.152612
            ],
            [
              57.6274209,
              -20.1195685
            ],
            [
              57.6479247,
              -20.1043896
            ],
            [
              57.6415738,
              -20.1018364
            ],
            [
              57.6007598,
              -20.0757999
            ],
            [
              57.6108482,
              -20.0702719
            ],
            [
              57.6132368,
              -20.0642443
            ],
            [
              57.6126145,
              -20.0512335
            ],
            [
              57.6104151,
              -20.0480978
            ],
            [
              57.5688156,
              -20.0164963
            ],
            [
              57.5693867,
              -20.0151855
            ],
            [
              57.5676217,
              -20.0132301
            ],
            [
              57.5676878,
              -20.0091137
            ],
            [
              57.5707832,
              -20.0061802
            ],
            [
              57.5715338,
              -20.0048875
            ],
            [
              57.5693801,
              -20.0030073
            ],
            [
              57.5643819,
              -20.0033535
            ],
            [
              57.5593431,
              -20.0031566
            ],
            [
              57.5541635,
              -20.0006353
            ],
            [
              57.5529086,
              -20.0003085
            ],
            [
              57.5518491,
              -20.0006689
            ],
            [
              57.5522965,
              -20.0033664
            ],
            [
              57.5521381,
              -20.0055965
            ],
            [
              57.554837,
              -20.0079428
            ],
            [
              57.5570893,
              -20.014831
            ],
            [
              57.5557878,
              -20.0194514
            ],
            [
              57.5523292,
              -20.0220875
            ],
            [
              57.5517042,
              -20.0231963
            ],
            [
              57.5511584,
              -20.0230741
            ],
            [
              57.5494371,
              -20.0257464
            ],
            [
              57.5463971,
              -20.0275854
            ],
            [
              57.5434636,
              -20.0375089
            ],
            [
              57.5414062,
              -20.0410869
            ],
            [
              57.538493,
              -20.0420492
            ],
            [
              57.5347983,
              -20.0443433
            ],
            [
              57.5295518,
              -20.0455237
            ],
            [
              57.526651,
              -20.0472738
            ],
            [
              57.5249321,
              -20.0473175
            ],
            [
              57.5223462,
              -20.0518397
            ],
            [
              57.5218886,
              -20.0567173
            ],
            [
              57.5224618,
              -20.0578532
            ],
            [
              57.5207485,
              -20.0579791
            ],
            [
              57.5207233,
              -20.0588438
            ],
            [
              57.5196113,
              -20.0585391
            ],
            [
              57.5195324,
              -20.0613835
            ],
            [
              57.5193772,
              -20.0642734
            ],
            [
              57.5169131,
              -20.0694578
            ],
            [
              57.5118774,
              -20.075905
            ],
            [
              57.5115929,
              -20.0807479
            ],
            [
              57.5131153,
              -20.0838102
            ],
            [
              57.5158882,
              -20.0846682
            ],
            [
              57.5162274,
              -20.0862039
            ],
            [
              57.5130425,
              -20.0894509
            ],
            [
              57.5083972,
              -20.0908025
            ],
            [
              57.5086199,
              -20.0955066
            ],
            [
              57.5141558,
              -20.1025477
            ],
            [
              57.5171739,
              -20.1037246
            ],
            [
              57.5171117,
              -20.1067714
            ],
            [
              57.5131582,
              -20.107279
            ],
            [
              57.5032702,
              -20.1121778
            ],
            [
              57.4985623,
              -20.118924
            ],
            [
              57.4960785,
              -20.1269218
            ],
            [
              57.4975491,
              -20.136219
            ],
            [
              57.4983779,
              -20.1372735
            ],
            [
              57.4992321,
              -20.1367138
            ],
            [
              57.5003211,
              -20.1384489
            ],
            [
              57.5027163,
              -20.1374794
            ],
            [
              57.5056557,
              -20.1411153
            ],
            [
              57.5083382,
              -20.1403338
            ],
            [
              57.5091002,
              -20.1390958
            ],
            [
              57.5118602,
              -20.1404859
            ],
            [
              57.5151432,
              -20.1405998
            ],
            [
              57.5165688,
              -20.1415145
            ],
            [
              57.5188876,
              -20.1413735
            ],
            [
              57.5211567,
              -20.1434642
            ],
            [
              57.5226708,
              -20.1430727
            ],
            [
              57.5265401,
              -20.144887
            ],
            [
              57.5302897,
              -20.1447656
            ],
            [
              57.5318842,
              -20.1437408
            ],
            [
              57.5429548,
              -20.1415852
            ],
            [
              57.5459985,
              -20.1471741
            ],
            [
              57.5488084,
              -20.15046
            ],
            [
              57.5513595,
              -20.1547755
            ],
            [
              57.5504352,
              -20.1604792
            ],
            [
              57.5500654,
              -20.162712
            ],
            [
              57.5533437,
              -20.1687393
            ],
            [
              57.5549828,
              -20.1715851
            ],
            [
              57.5531958,
              -20.1762239
            ],
            [
              57.5563878,
              -20.1823201
            ],
            [
              57.5553667,
              -20.1841342
            ],
            [
              57.5559471,
              -20.1908317
            ],
            [
              57.5563356,
              -20.1931865
            ],
            [
              57.5635528,
              -20.1972844
            ],
            [
              57.5684747,
              -20.1975456
            ],
            [
              57.579846,
              -20.1901907
            ],
            [
              57.5811889,
              -20.1890764
            ],
            [
              57.5839552,
              -20.1846916
            ],
            [
              57.5845726,
              -20.1807811
            ],
            [
              57.5886009,
              -20.1816025
            ],
            [
              57.591252,
              -20.1776582
            ],
            [
              57.5936393,
              -20.175778
            ],
            [
              57.5941584,
              -20.1733333
            ],
            [
              57.5952949,
              -20.1730521
            ],
            [
              57.600338,
              -20.1723122
            ],
            [
              57.6029072,
              -20.1710237
            ],
            [
              57.6052854,
              -20.1711868
            ],
            [
              57.610164,
              -20.1679884
            ],
            [
              57.6130392,
              -20.1682157
            ],
            [
              57.6152265,
              -20.1666661
            ],
            [
              57.6171112,
              -20.1669237
            ]
          ]
        ]
      }
    },
    {
      "id": "5",
      "type": "Feature",
      "properties": {
        "name": "Flacq",
        "id": "3f9005be-4b02-450a-9f80-fe2291d7f81b",
        "cases": 67,
        "intensity": "Low",
        "color": "#FFFF00",
        "layerName": "Low Risk - Yellow"
      },
      "geometry": {
        "type": "MultiPolygon",
        "coordinates": [
          [
            [
              [
                57.7970439,
                -20.2601439
              ],
              [
                57.7993428,
                -20.2611992
              ],
              [
                57.8000721,
                -20.2621127
              ],
              [
                57.8031522,
                -20.2622947
              ],
              [
                57.8032852,
                -20.2639215
              ],
              [
                57.8025844,
                -20.2641877
              ],
              [
                57.8029842,
                -20.2651673
              ],
              [
                57.801512,
                -20.2659239
              ],
              [
                57.8027332,
                -20.267474
              ],
              [
                57.8016171,
                -20.2672641
              ],
              [
                57.8013817,
                -20.2677723
              ],
              [
                57.8005627,
                -20.2664308
              ],
              [
                57.7999214,
                -20.2706498
              ],
              [
                57.799008,
                -20.2724333
              ],
              [
                57.8005168,
                -20.2728614
              ],
              [
                57.8003027,
                -20.2742201
              ],
              [
                57.8013303,
                -20.2753139
              ],
              [
                57.7995778,
                -20.2749751
              ],
              [
                57.7999043,
                -20.2763183
              ],
              [
                57.8004492,
                -20.2763622
              ],
              [
                57.7988201,
                -20.277254
              ],
              [
                57.7983607,
                -20.277516
              ],
              [
                57.7976227,
                -20.2788857
              ],
              [
                57.7981722,
                -20.28008
              ],
              [
                57.7989799,
                -20.2802009
              ],
              [
                57.8012761,
                -20.2786557
              ],
              [
                57.803303,
                -20.2787274
              ],
              [
                57.8044899,
                -20.2783739
              ],
              [
                57.8055583,
                -20.2764618
              ],
              [
                57.8099871,
                -20.2748756
              ],
              [
                57.8073183,
                -20.2737982
              ],
              [
                57.8081699,
                -20.2719392
              ],
              [
                57.8076013,
                -20.2712879
              ],
              [
                57.8059537,
                -20.2697123
              ],
              [
                57.8053708,
                -20.2662818
              ],
              [
                57.8050937,
                -20.2642359
              ],
              [
                57.8068827,
                -20.2625027
              ],
              [
                57.8074212,
                -20.2592945
              ],
              [
                57.8086769,
                -20.2573486
              ],
              [
                57.8079683,
                -20.2566155
              ],
              [
                57.8038657,
                -20.2570095
              ],
              [
                57.8020143,
                -20.2559012
              ],
              [
                57.8006807,
                -20.2562008
              ],
              [
                57.7989104,
                -20.254961
              ],
              [
                57.7985204,
                -20.2552874
              ],
              [
                57.7995873,
                -20.2570752
              ],
              [
                57.8002387,
                -20.257177
              ],
              [
                57.7992059,
                -20.2581138
              ],
              [
                57.8037028,
                -20.258745
              ],
              [
                57.8046236,
                -20.2586691
              ],
              [
                57.8033267,
                -20.259666
              ],
              [
                57.8024721,
                -20.2599351
              ],
              [
                57.8016661,
                -20.2612163
              ],
              [
                57.8010378,
                -20.2612921
              ],
              [
                57.8012222,
                -20.2601871
              ],
              [
                57.8007251,
                -20.2602052
              ],
              [
                57.800843,
                -20.2597142
              ],
              [
                57.7998465,
                -20.2598224
              ],
              [
                57.7990986,
                -20.2602099
              ],
              [
                57.7970439,
                -20.2601439
              ]
            ],
            [
              [
                57.8005168,
                -20.2728614
              ],
              [
                57.8004518,
                -20.2722668
              ],
              [
                57.8010743,
                -20.2723085
              ],
              [
                57.8005168,
                -20.2728614
              ]
            ],
            [
              [
                57.8018139,
                -20.2759143
              ],
              [
                57.8032375,
                -20.2768579
              ],
              [
                57.8019751,
                -20.2769683
              ],
              [
                57.8018139,
                -20.2759143
              ]
            ],
            [
              [
                57.8010378,
                -20.2612921
              ],
              [
                57.7999044,
                -20.2613868
              ],
              [
                57.7997243,
                -20.260903
              ],
              [
                57.8002516,
                -20.2610275
              ],
              [
                57.8010378,
                -20.2612921
              ]
            ]
          ],
          [
            [
              [
                57.7998465,
                -20.2598224
              ],
              [
                57.7998808,
                -20.2593534
              ],
              [
                57.799378,
                -20.2597004
              ],
              [
                57.7998465,
                -20.2598224
              ]
            ]
          ],
          [
            [
              [
                57.7963101,
                -20.2591908
              ],
              [
                57.79696,
                -20.2596317
              ],
              [
                57.7974802,
                -20.2594953
              ],
              [
                57.7970058,
                -20.2591506
              ],
              [
                57.7963101,
                -20.2591908
              ]
            ]
          ],
          [
            [
              [
                57.6177495,
                -20.1706235
              ],
              [
                57.6185978,
                -20.1704234
              ],
              [
                57.6211165,
                -20.1724104
              ],
              [
                57.6217806,
                -20.1743982
              ],
              [
                57.6286155,
                -20.1770172
              ],
              [
                57.6319821,
                -20.17791
              ],
              [
                57.6650137,
                -20.2075781
              ],
              [
                57.6280017,
                -20.232787
              ],
              [
                57.6684496,
                -20.2699219
              ],
              [
                57.6509023,
                -20.327405
              ],
              [
                57.6537717,
                -20.3292799
              ],
              [
                57.6583564,
                -20.3274146
              ],
              [
                57.6605294,
                -20.3259387
              ],
              [
                57.6699936,
                -20.3264533
              ],
              [
                57.6727885,
                -20.3272028
              ],
              [
                57.6776862,
                -20.3287371
              ],
              [
                57.6805776,
                -20.3284101
              ],
              [
                57.6824766,
                -20.3270871
              ],
              [
                57.6857704,
                -20.3289181
              ],
              [
                57.6903918,
                -20.3300766
              ],
              [
                57.6911036,
                -20.3307468
              ],
              [
                57.6969981,
                -20.3312069
              ],
              [
                57.7036929,
                -20.3345872
              ],
              [
                57.7061827,
                -20.3348171
              ],
              [
                57.7082766,
                -20.3327639
              ],
              [
                57.7159996,
                -20.3338079
              ],
              [
                57.720268,
                -20.3325818
              ],
              [
                57.723341,
                -20.3320154
              ],
              [
                57.7267601,
                -20.3294955
              ],
              [
                57.730667,
                -20.3299339
              ],
              [
                57.7318297,
                -20.3306163
              ],
              [
                57.7334356,
                -20.326907
              ],
              [
                57.7391418,
                -20.3222382
              ],
              [
                57.7424621,
                -20.3209386
              ],
              [
                57.7462913,
                -20.3206
              ],
              [
                57.749923,
                -20.319334
              ],
              [
                57.751291,
                -20.3169628
              ],
              [
                57.7558857,
                -20.3134408
              ],
              [
                57.7586448,
                -20.3041462
              ],
              [
                57.7596062,
                -20.3013296
              ],
              [
                57.7602946,
                -20.2973597
              ],
              [
                57.7635589,
                -20.2939946
              ],
              [
                57.7668179,
                -20.2913725
              ],
              [
                57.7704642,
                -20.2902662
              ],
              [
                57.7707224,
                -20.2881021
              ],
              [
                57.777341,
                -20.2839584
              ],
              [
                57.7789235,
                -20.2855221
              ],
              [
                57.7813938,
                -20.289736
              ],
              [
                57.7829066,
                -20.2911361
              ],
              [
                57.7836831,
                -20.2924757
              ],
              [
                57.7852938,
                -20.2927575
              ],
              [
                57.7861159,
                -20.2931009
              ],
              [
                57.788357,
                -20.2938679
              ],
              [
                57.7892782,
                -20.2948279
              ],
              [
                57.7894096,
                -20.2937021
              ],
              [
                57.7890328,
                -20.2930631
              ],
              [
                57.7916425,
                -20.2913361
              ],
              [
                57.7912919,
                -20.2903683
              ],
              [
                57.7929016,
                -20.289842
              ],
              [
                57.7927201,
                -20.2890933
              ],
              [
                57.7915007,
                -20.288305
              ],
              [
                57.791869,
                -20.2843785
              ],
              [
                57.7921787,
                -20.2848557
              ],
              [
                57.7925857,
                -20.2851495
              ],
              [
                57.7926125,
                -20.2846338
              ],
              [
                57.7949728,
                -20.2843119
              ],
              [
                57.795322,
                -20.2835688
              ],
              [
                57.7943605,
                -20.2828384
              ],
              [
                57.7922006,
                -20.2831511
              ],
              [
                57.7917128,
                -20.2827948
              ],
              [
                57.791176,
                -20.2838383
              ],
              [
                57.7897342,
                -20.2806903
              ],
              [
                57.7892728,
                -20.279621
              ],
              [
                57.7886029,
                -20.2787643
              ],
              [
                57.7892232,
                -20.278999
              ],
              [
                57.7922475,
                -20.2766258
              ],
              [
                57.7942295,
                -20.2750822
              ],
              [
                57.7933243,
                -20.2736355
              ],
              [
                57.7917941,
                -20.2736908
              ],
              [
                57.7908728,
                -20.273292
              ],
              [
                57.7909277,
                -20.2726668
              ],
              [
                57.790103,
                -20.272619
              ],
              [
                57.79131,
                -20.2714264
              ],
              [
                57.7937725,
                -20.2715318
              ],
              [
                57.793964,
                -20.2710942
              ],
              [
                57.7948813,
                -20.2711383
              ],
              [
                57.7941021,
                -20.2699205
              ],
              [
                57.7947848,
                -20.2691405
              ],
              [
                57.796338,
                -20.2692661
              ],
              [
                57.7961192,
                -20.2680598
              ],
              [
                57.7977727,
                -20.266954
              ],
              [
                57.7966221,
                -20.2654204
              ],
              [
                57.7977392,
                -20.2646165
              ],
              [
                57.797762,
                -20.2623355
              ],
              [
                57.7962814,
                -20.2611768
              ],
              [
                57.7957262,
                -20.2612762
              ],
              [
                57.7936649,
                -20.2594129
              ],
              [
                57.7930038,
                -20.2592694
              ],
              [
                57.7941266,
                -20.2575063
              ],
              [
                57.7948981,
                -20.2576944
              ],
              [
                57.7953239,
                -20.2556573
              ],
              [
                57.7959676,
                -20.2557265
              ],
              [
                57.7983569,
                -20.2524993
              ],
              [
                57.7985917,
                -20.2500774
              ],
              [
                57.7967654,
                -20.2512587
              ],
              [
                57.7953601,
                -20.249467
              ],
              [
                57.7962021,
                -20.2488636
              ],
              [
                57.7948089,
                -20.2488354
              ],
              [
                57.7947899,
                -20.2495778
              ],
              [
                57.7929005,
                -20.2494796
              ],
              [
                57.7924887,
                -20.2480506
              ],
              [
                57.7930453,
                -20.2476866
              ],
              [
                57.7914923,
                -20.2464083
              ],
              [
                57.7911766,
                -20.2448138
              ],
              [
                57.791312,
                -20.2440113
              ],
              [
                57.788045,
                -20.2452941
              ],
              [
                57.7872182,
                -20.2447342
              ],
              [
                57.7870305,
                -20.2435841
              ],
              [
                57.7867321,
                -20.2431638
              ],
              [
                57.7880806,
                -20.2411223
              ],
              [
                57.7878003,
                -20.2399905
              ],
              [
                57.791383,
                -20.2393437
              ],
              [
                57.7927309,
                -20.2391203
              ],
              [
                57.79419,
                -20.238008
              ],
              [
                57.8011798,
                -20.2370967
              ],
              [
                57.8030507,
                -20.2372222
              ],
              [
                57.8033135,
                -20.2376368
              ],
              [
                57.803577,
                -20.23718
              ],
              [
                57.8036166,
                -20.2347301
              ],
              [
                57.8084372,
                -20.2310538
              ],
              [
                57.8064336,
                -20.2311507
              ],
              [
                57.8049631,
                -20.2274875
              ],
              [
                57.8055035,
                -20.2267684
              ],
              [
                57.8046405,
                -20.2265437
              ],
              [
                57.8050603,
                -20.2260718
              ],
              [
                57.804497,
                -20.2256144
              ],
              [
                57.8048404,
                -20.2249795
              ],
              [
                57.8053218,
                -20.224434
              ],
              [
                57.8039338,
                -20.2251186
              ],
              [
                57.8019248,
                -20.2226898
              ],
              [
                57.8000379,
                -20.2210312
              ],
              [
                57.7991863,
                -20.2189963
              ],
              [
                57.7980316,
                -20.2176271
              ],
              [
                57.7977868,
                -20.2161106
              ],
              [
                57.7948766,
                -20.2158608
              ],
              [
                57.7933048,
                -20.2139907
              ],
              [
                57.7903356,
                -20.2051809
              ],
              [
                57.7881584,
                -20.2050796
              ],
              [
                57.786026,
                -20.204264
              ],
              [
                57.7831534,
                -20.1991881
              ],
              [
                57.7833545,
                -20.1983788
              ],
              [
                57.7809975,
                -20.1981384
              ],
              [
                57.7781658,
                -20.1955959
              ],
              [
                57.7762038,
                -20.1935934
              ],
              [
                57.7740707,
                -20.1879947
              ],
              [
                57.7749304,
                -20.185729
              ],
              [
                57.7757652,
                -20.1853986
              ],
              [
                57.7756197,
                -20.184948
              ],
              [
                57.7754326,
                -20.1836729
              ],
              [
                57.7743242,
                -20.1829554
              ],
              [
                57.7743839,
                -20.1811547
              ],
              [
                57.772505,
                -20.1779983
              ],
              [
                57.7712799,
                -20.1728246
              ],
              [
                57.7721469,
                -20.1710723
              ],
              [
                57.7716856,
                -20.1708104
              ],
              [
                57.7721094,
                -20.1697272
              ],
              [
                57.77119,
                -20.1688
              ],
              [
                57.7714428,
                -20.1683991
              ],
              [
                57.7720685,
                -20.1682934
              ],
              [
                57.7719223,
                -20.1678295
              ],
              [
                57.7699509,
                -20.1665832
              ],
              [
                57.7682527,
                -20.1678414
              ],
              [
                57.7648047,
                -20.1641718
              ],
              [
                57.7629562,
                -20.1606561
              ],
              [
                57.7604565,
                -20.1606272
              ],
              [
                57.7566239,
                -20.1592491
              ],
              [
                57.7551102,
                -20.1594023
              ],
              [
                57.7533017,
                -20.1592836
              ],
              [
                57.752996,
                -20.1601736
              ],
              [
                57.7554157,
                -20.1606851
              ],
              [
                57.7557981,
                -20.1623561
              ],
              [
                57.757765,
                -20.1628669
              ],
              [
                57.7575281,
                -20.1644213
              ],
              [
                57.7591179,
                -20.1654978
              ],
              [
                57.7572653,
                -20.1655698
              ],
              [
                57.7569677,
                -20.1659729
              ],
              [
                57.7588817,
                -20.1663846
              ],
              [
                57.7574094,
                -20.1668712
              ],
              [
                57.7581241,
                -20.1673002
              ],
              [
                57.7574755,
                -20.1683113
              ],
              [
                57.7585951,
                -20.1684696
              ],
              [
                57.757727,
                -20.1693334
              ],
              [
                57.7556014,
                -20.1670156
              ],
              [
                57.7550155,
                -20.1674849
              ],
              [
                57.7529705,
                -20.1636708
              ],
              [
                57.7522804,
                -20.1640163
              ],
              [
                57.7505512,
                -20.1612309
              ],
              [
                57.7492499,
                -20.1629279
              ],
              [
                57.7514513,
                -20.166032
              ],
              [
                57.7487192,
                -20.1667199
              ],
              [
                57.7460271,
                -20.1650235
              ],
              [
                57.7469551,
                -20.1632796
              ],
              [
                57.7462408,
                -20.1626887
              ],
              [
                57.7474445,
                -20.1613349
              ],
              [
                57.746651,
                -20.1616458
              ],
              [
                57.7465946,
                -20.1611368
              ],
              [
                57.7459162,
                -20.1605209
              ],
              [
                57.7456489,
                -20.1617231
              ],
              [
                57.7439632,
                -20.1615625
              ],
              [
                57.7441454,
                -20.1600273
              ],
              [
                57.7418876,
                -20.1590983
              ],
              [
                57.7417575,
                -20.1572514
              ],
              [
                57.7407315,
                -20.1560805
              ],
              [
                57.7414182,
                -20.1553163
              ],
              [
                57.7428451,
                -20.155305
              ],
              [
                57.7436605,
                -20.1562744
              ],
              [
                57.7447267,
                -20.155757
              ],
              [
                57.7459793,
                -20.1568019
              ],
              [
                57.7465761,
                -20.155232
              ],
              [
                57.74864,
                -20.155485
              ],
              [
                57.7487473,
                -20.1543671
              ],
              [
                57.7478541,
                -20.1526485
              ],
              [
                57.7478729,
                -20.1503962
              ],
              [
                57.7489029,
                -20.148682
              ],
              [
                57.7485501,
                -20.1482538
              ],
              [
                57.745766,
                -20.1482115
              ],
              [
                57.7447253,
                -20.1481801
              ],
              [
                57.7449788,
                -20.1486883
              ],
              [
                57.7454603,
                -20.1492668
              ],
              [
                57.7449949,
                -20.1491523
              ],
              [
                57.7440147,
                -20.1500166
              ],
              [
                57.7438657,
                -20.1494022
              ],
              [
                57.743631,
                -20.148852
              ],
              [
                57.7442157,
                -20.1489036
              ],
              [
                57.7438905,
                -20.1484635
              ],
              [
                57.7444383,
                -20.1476792
              ],
              [
                57.7438127,
                -20.1472102
              ],
              [
                57.7443303,
                -20.146976
              ],
              [
                57.7438368,
                -20.1464321
              ],
              [
                57.7428846,
                -20.1460116
              ],
              [
                57.7406967,
                -20.1449685
              ],
              [
                57.7410892,
                -20.1436763
              ],
              [
                57.739609,
                -20.1435759
              ],
              [
                57.7396587,
                -20.1426115
              ],
              [
                57.7419654,
                -20.1426757
              ],
              [
                57.7423717,
                -20.1430257
              ],
              [
                57.7449553,
                -20.1411679
              ],
              [
                57.7471179,
                -20.1409696
              ],
              [
                57.7491287,
                -20.1421266
              ],
              [
                57.7511137,
                -20.1412993
              ],
              [
                57.7533833,
                -20.1387279
              ],
              [
                57.7546699,
                -20.1377202
              ],
              [
                57.7530713,
                -20.1335445
              ],
              [
                57.7543975,
                -20.1293643
              ],
              [
                57.7562792,
                -20.1282702
              ],
              [
                57.7574337,
                -20.1294309
              ],
              [
                57.7576663,
                -20.1298756
              ],
              [
                57.7581969,
                -20.1271688
              ],
              [
                57.7573579,
                -20.126863
              ],
              [
                57.7557596,
                -20.1224343
              ],
              [
                57.7514459,
                -20.1161975
              ],
              [
                57.749157,
                -20.1117011
              ],
              [
                57.747094,
                -20.1091733
              ],
              [
                57.6429355,
                -20.152612
              ],
              [
                57.6427229,
                -20.153564
              ],
              [
                57.6435169,
                -20.1540878
              ],
              [
                57.64117,
                -20.1577443
              ],
              [
                57.6381953,
                -20.158912
              ],
              [
                57.6386245,
                -20.1593754
              ],
              [
                57.6380452,
                -20.1598991
              ],
              [
                57.6359423,
                -20.1585697
              ],
              [
                57.6354595,
                -20.1592143
              ],
              [
                57.6364251,
                -20.1601409
              ],
              [
                57.6323267,
                -20.1611883
              ],
              [
                57.6321765,
                -20.1597783
              ],
              [
                57.6313611,
                -20.1603624
              ],
              [
                57.6303526,
                -20.1597078
              ],
              [
                57.6290437,
                -20.1620242
              ],
              [
                57.6280781,
                -20.1610372
              ],
              [
                57.6272949,
                -20.1617221
              ],
              [
                57.6245268,
                -20.1605941
              ],
              [
                57.6242479,
                -20.1616415
              ],
              [
                57.6219998,
                -20.1628984
              ],
              [
                57.6171112,
                -20.1669237
              ],
              [
                57.6151724,
                -20.1689466
              ],
              [
                57.6167584,
                -20.1709541
              ],
              [
                57.6177495,
                -20.1706235
              ]
            ],
            [
              [
                57.7759777,
                -20.2822754
              ],
              [
                57.7749954,
                -20.2817243
              ],
              [
                57.7748391,
                -20.2809647
              ],
              [
                57.7757692,
                -20.2816162
              ],
              [
                57.7759777,
                -20.2822754
              ]
            ],
            [
              [
                57.7548928,
                -20.1680118
              ],
              [
                57.7545738,
                -20.168461
              ],
              [
                57.7544289,
                -20.1678731
              ],
              [
                57.7548928,
                -20.1680118
              ]
            ]
          ]
        ]
      }
    },
    {
      "id": "6",
      "type": "Feature",
      "properties": {
        "name": "Moka",
        "id": "351f0a46-f54b-4a01-9ab5-f78d471e9fb0",
        "cases": 110,
        "intensity": "Low",
        "color": "#FFFF00",
        "layerName": "Low Risk - Yellow"
      },
      "geometry": {
        "type": "Polygon",
        "coordinates": [
          [
            [
              57.6473787,
              -20.3280175
            ],
            [
              57.6502228,
              -20.3272371
            ],
            [
              57.6684496,
              -20.2699219
            ],
            [
              57.6280017,
              -20.232787
            ],
            [
              57.6650137,
              -20.2075781
            ],
            [
              57.6310226,
              -20.1775022
            ],
            [
              57.6227169,
              -20.1750607
            ],
            [
              57.6212499,
              -20.1729629
            ],
            [
              57.6194308,
              -20.1709099
            ],
            [
              57.6180476,
              -20.1701649
            ],
            [
              57.6176326,
              -20.1710648
            ],
            [
              57.6167584,
              -20.1709541
            ],
            [
              57.6151724,
              -20.1689466
            ],
            [
              57.6163809,
              -20.1670486
            ],
            [
              57.6140134,
              -20.1670329
            ],
            [
              57.6118901,
              -20.168483
            ],
            [
              57.6093557,
              -20.1682076
            ],
            [
              57.6040323,
              -20.1715131
            ],
            [
              57.6018038,
              -20.1713799
            ],
            [
              57.5967286,
              -20.173286
            ],
            [
              57.5948261,
              -20.1728975
            ],
            [
              57.5941584,
              -20.1733333
            ],
            [
              57.5928298,
              -20.1767954
            ],
            [
              57.589473,
              -20.1797401
            ],
            [
              57.5879456,
              -20.1818244
            ],
            [
              57.5845726,
              -20.1807811
            ],
            [
              57.5831572,
              -20.1864923
            ],
            [
              57.579846,
              -20.1901907
            ],
            [
              57.5701939,
              -20.1966366
            ],
            [
              57.5667968,
              -20.1976058
            ],
            [
              57.5613601,
              -20.1963695
            ],
            [
              57.5558559,
              -20.1924291
            ],
            [
              57.5556818,
              -20.191647
            ],
            [
              57.5481973,
              -20.1956157
            ],
            [
              57.5433598,
              -20.1971308
            ],
            [
              57.5381642,
              -20.1958488
            ],
            [
              57.5363022,
              -20.196032
            ],
            [
              57.5346028,
              -20.1971995
            ],
            [
              57.5305617,
              -20.1974284
            ],
            [
              57.5287404,
              -20.1980007
            ],
            [
              57.5258361,
              -20.197947
            ],
            [
              57.515644,
              -20.1928577
            ],
            [
              57.5122302,
              -20.1922678
            ],
            [
              57.5053779,
              -20.1868429
            ],
            [
              57.5008919,
              -20.1812906
            ],
            [
              57.4952253,
              -20.1789195
            ],
            [
              57.4860762,
              -20.1797512
            ],
            [
              57.4781444,
              -20.1834183
            ],
            [
              57.4760136,
              -20.1865811
            ],
            [
              57.4710679,
              -20.1876312
            ],
            [
              57.4711475,
              -20.1897405
            ],
            [
              57.4744442,
              -20.1927103
            ],
            [
              57.4716548,
              -20.1986138
            ],
            [
              57.4735179,
              -20.2047358
            ],
            [
              57.4752479,
              -20.2096121
            ],
            [
              57.4763946,
              -20.2119702
            ],
            [
              57.4766636,
              -20.2132589
            ],
            [
              57.4777041,
              -20.2137106
            ],
            [
              57.4779535,
              -20.2146855
            ],
            [
              57.4772017,
              -20.2156974
            ],
            [
              57.4796202,
              -20.2188213
            ],
            [
              57.4797338,
              -20.2213534
            ],
            [
              57.4828666,
              -20.2221588
            ],
            [
              57.4832314,
              -20.2237243
            ],
            [
              57.4823409,
              -20.2250683
            ],
            [
              57.4841917,
              -20.2268552
            ],
            [
              57.483741,
              -20.2277663
            ],
            [
              57.482577,
              -20.2277612
            ],
            [
              57.4832261,
              -20.2317478
            ],
            [
              57.4833012,
              -20.2331269
            ],
            [
              57.4837142,
              -20.235855
            ],
            [
              57.4884725,
              -20.2371385
            ],
            [
              57.4894649,
              -20.2388649
            ],
            [
              57.4916987,
              -20.2390934
            ],
            [
              57.4927809,
              -20.2401403
            ],
            [
              57.4935829,
              -20.2388103
            ],
            [
              57.4938042,
              -20.2381138
            ],
            [
              57.4961666,
              -20.2387825
            ],
            [
              57.5009558,
              -20.2410532
            ],
            [
              57.4996427,
              -20.2424574
            ],
            [
              57.500696,
              -20.2431745
            ],
            [
              57.5017172,
              -20.242977
            ],
            [
              57.5015294,
              -20.2453324
            ],
            [
              57.505129,
              -20.2450858
            ],
            [
              57.5042921,
              -20.2464598
            ],
            [
              57.5085193,
              -20.2464699
            ],
            [
              57.5100401,
              -20.2473934
            ],
            [
              57.5122623,
              -20.2466184
            ],
            [
              57.5130308,
              -20.2468927
            ],
            [
              57.5162216,
              -20.2444556
            ],
            [
              57.5172014,
              -20.2462407
            ],
            [
              57.5187991,
              -20.2459165
            ],
            [
              57.5183926,
              -20.2474994
            ],
            [
              57.5188063,
              -20.2482673
            ],
            [
              57.5202622,
              -20.2466348
            ],
            [
              57.5241656,
              -20.2479087
            ],
            [
              57.5243742,
              -20.2517115
            ],
            [
              57.5263536,
              -20.2527834
            ],
            [
              57.5259728,
              -20.255018
            ],
            [
              57.5274909,
              -20.2549073
            ],
            [
              57.527802,
              -20.2574991
            ],
            [
              57.5267187,
              -20.2580092
            ],
            [
              57.5279038,
              -20.2590047
            ],
            [
              57.5271008,
              -20.2600726
            ],
            [
              57.5282258,
              -20.2631978
            ],
            [
              57.5293177,
              -20.2631096
            ],
            [
              57.5294317,
              -20.2643843
            ],
            [
              57.5316538,
              -20.2643212
            ],
            [
              57.5320038,
              -20.2651412
            ],
            [
              57.5300114,
              -20.2662459
            ],
            [
              57.531278,
              -20.2671684
            ],
            [
              57.5315445,
              -20.2707495
            ],
            [
              57.5334352,
              -20.2717563
            ],
            [
              57.5342052,
              -20.2752508
            ],
            [
              57.5358638,
              -20.2774546
            ],
            [
              57.5376629,
              -20.2797875
            ],
            [
              57.5379353,
              -20.2827639
            ],
            [
              57.5393582,
              -20.2827906
            ],
            [
              57.5406998,
              -20.2853493
            ],
            [
              57.5401814,
              -20.2894502
            ],
            [
              57.5378368,
              -20.2926839
            ],
            [
              57.5351686,
              -20.2946981
            ],
            [
              57.5355533,
              -20.2981654
            ],
            [
              57.5495232,
              -20.3150119
            ],
            [
              57.5538859,
              -20.3212298
            ],
            [
              57.559479,
              -20.3228871
            ],
            [
              57.5624244,
              -20.3243654
            ],
            [
              57.5709,
              -20.3262143
            ],
            [
              57.577951,
              -20.3274568
            ],
            [
              57.5852603,
              -20.3309895
            ],
            [
              57.5890364,
              -20.3336064
            ],
            [
              57.6026515,
              -20.3349297
            ],
            [
              57.6070283,
              -20.3372953
            ],
            [
              57.6145599,
              -20.3361595
            ],
            [
              57.6176832,
              -20.3374287
            ],
            [
              57.6211014,
              -20.3371422
            ],
            [
              57.6247619,
              -20.3341642
            ],
            [
              57.6281643,
              -20.3332506
            ],
            [
              57.6380294,
              -20.3357954
            ],
            [
              57.6409335,
              -20.3352735
            ],
            [
              57.6432964,
              -20.3332662
            ],
            [
              57.6473787,
              -20.3280175
            ]
          ]
        ]
      }
    },
    {
      "id": "7",
      "type": "Feature",
      "properties": {
        "name": "Rivière du Rempart District",
        "id": "85ae6382-bbb5-4d37-803d-d54c0ad66fc6",
        "cases": 102,
        "intensity": "Low",
        "color": "#FFFF00",
        "layerName": "Low Risk - Yellow"
      },
      "geometry": {
        "type": "MultiPolygon",
        "coordinates": [
          [
            [
              [
                57.6870591,
                -20.0415639
              ],
              [
                57.6875634,
                -20.0416244
              ],
              [
                57.6869894,
                -20.0408735
              ],
              [
                57.6857663,
                -20.0411809
              ],
              [
                57.6860104,
                -20.0421938
              ],
              [
                57.6870591,
                -20.0415639
              ]
            ]
          ],
          [
            [
              [
                57.6569848,
                -19.8624859
              ],
              [
                57.6575035,
                -19.8633045
              ],
              [
                57.6578989,
                -19.8624285
              ],
              [
                57.6569848,
                -19.8624859
              ]
            ]
          ],
          [
            [
              [
                57.6980611,
                -20.0251542
              ],
              [
                57.6991155,
                -20.025498
              ],
              [
                57.6990924,
                -20.0242639
              ],
              [
                57.6980611,
                -20.0251542
              ]
            ]
          ],
          [
            [
              [
                57.6928756,
                -20.0341671
              ],
              [
                57.6931597,
                -20.0346268
              ],
              [
                57.6935086,
                -20.0340965
              ],
              [
                57.6928756,
                -20.0341671
              ]
            ]
          ],
          [
            [
              [
                57.6646072,
                -19.8761388
              ],
              [
                57.6612549,
                -19.870213
              ],
              [
                57.6569204,
                -19.867908
              ],
              [
                57.6542869,
                -19.8678639
              ],
              [
                57.6490244,
                -19.8739048
              ],
              [
                57.6487324,
                -19.8751574
              ],
              [
                57.6498736,
                -19.8766062
              ],
              [
                57.6495883,
                -19.8791512
              ],
              [
                57.6483476,
                -19.880065
              ],
              [
                57.6487976,
                -19.8826544
              ],
              [
                57.6498964,
                -19.8832876
              ],
              [
                57.6514843,
                -19.8839269
              ],
              [
                57.6534227,
                -19.8847946
              ],
              [
                57.6551019,
                -19.8841568
              ],
              [
                57.6563295,
                -19.8831082
              ],
              [
                57.6584994,
                -19.8846045
              ],
              [
                57.6653004,
                -19.8821437
              ],
              [
                57.6651118,
                -19.8810676
              ],
              [
                57.6656769,
                -19.8798389
              ],
              [
                57.6646072,
                -19.8761388
              ]
            ]
          ],
          [
            [
              [
                57.684886,
                -20.0450029
              ],
              [
                57.6841635,
                -20.0448944
              ],
              [
                57.6844469,
                -20.0452721
              ],
              [
                57.684886,
                -20.0450029
              ]
            ]
          ],
          [
            [
              [
                57.7832258,
                -19.8457862
              ],
              [
                57.7813375,
                -19.8518865
              ],
              [
                57.7809459,
                -19.855812
              ],
              [
                57.784127,
                -19.8581682
              ],
              [
                57.7855271,
                -19.8586727
              ],
              [
                57.7898294,
                -19.8586374
              ],
              [
                57.7910539,
                -19.8567654
              ],
              [
                57.7929729,
                -19.8560844
              ],
              [
                57.7954459,
                -19.8527947
              ],
              [
                57.7927798,
                -19.8504485
              ],
              [
                57.7929246,
                -19.8475018
              ],
              [
                57.79661,
                -19.8447872
              ],
              [
                57.7935898,
                -19.8428445
              ],
              [
                57.7898025,
                -19.8431371
              ],
              [
                57.785511,
                -19.8431725
              ],
              [
                57.7832258,
                -19.8457862
              ]
            ]
          ],
          [
            [
              [
                57.701251,
                -20.0260269
              ],
              [
                57.7029368,
                -20.0267013
              ],
              [
                57.7031527,
                -20.025971
              ],
              [
                57.7016357,
                -20.0247739
              ],
              [
                57.7005601,
                -20.0241716
              ],
              [
                57.6998347,
                -20.0256677
              ],
              [
                57.701251,
                -20.0260269
              ]
            ]
          ],
          [
            [
              [
                57.6694308,
                -19.8869352
              ],
              [
                57.6722007,
                -19.889014
              ],
              [
                57.6747277,
                -19.8903179
              ],
              [
                57.6742349,
                -19.8883418
              ],
              [
                57.675226,
                -19.8870912
              ],
              [
                57.6745828,
                -19.8840147
              ],
              [
                57.672902,
                -19.8823127
              ],
              [
                57.6687939,
                -19.88357
              ],
              [
                57.6694308,
                -19.8869352
              ]
            ]
          ],
          [
            [
              [
                57.7002564,
                -20.0348802
              ],
              [
                57.6990189,
                -20.0349018
              ],
              [
                57.698045,
                -20.036215
              ],
              [
                57.6954931,
                -20.0340216
              ],
              [
                57.6952544,
                -20.0347299
              ],
              [
                57.6933423,
                -20.0351158
              ],
              [
                57.6931597,
                -20.0346268
              ],
              [
                57.6925921,
                -20.0357416
              ],
              [
                57.6919488,
                -20.0357826
              ],
              [
                57.6909579,
                -20.036114
              ],
              [
                57.6898553,
                -20.0351407
              ],
              [
                57.6889803,
                -20.0353377
              ],
              [
                57.6901402,
                -20.0373462
              ],
              [
                57.6900018,
                -20.0381232
              ],
              [
                57.6921104,
                -20.0387554
              ],
              [
                57.6910517,
                -20.0395961
              ],
              [
                57.6910836,
                -20.040531
              ],
              [
                57.6907298,
                -20.0414759
              ],
              [
                57.6954076,
                -20.0420807
              ],
              [
                57.696328,
                -20.0391806
              ],
              [
                57.6968975,
                -20.0396453
              ],
              [
                57.6973979,
                -20.0392221
              ],
              [
                57.6969037,
                -20.038976
              ],
              [
                57.6971908,
                -20.0382356
              ],
              [
                57.6979986,
                -20.0386235
              ],
              [
                57.6981277,
                -20.0373977
              ],
              [
                57.6985524,
                -20.0379415
              ],
              [
                57.6991916,
                -20.0382394
              ],
              [
                57.7003885,
                -20.0393834
              ],
              [
                57.7010044,
                -20.0397749
              ],
              [
                57.7013884,
                -20.039329
              ],
              [
                57.7027371,
                -20.0395566
              ],
              [
                57.702742,
                -20.0384896
              ],
              [
                57.7033545,
                -20.0396386
              ],
              [
                57.7035012,
                -20.0407589
              ],
              [
                57.7046102,
                -20.0400321
              ],
              [
                57.7078651,
                -20.0408182
              ],
              [
                57.7085169,
                -20.0411105
              ],
              [
                57.7082904,
                -20.0397406
              ],
              [
                57.7091968,
                -20.0410904
              ],
              [
                57.7101208,
                -20.0415432
              ],
              [
                57.7103153,
                -20.0398708
              ],
              [
                57.7093336,
                -20.039203
              ],
              [
                57.7103194,
                -20.0386925
              ],
              [
                57.7121043,
                -20.0394374
              ],
              [
                57.7118336,
                -20.0383723
              ],
              [
                57.7098142,
                -20.037433
              ],
              [
                57.7082929,
                -20.0373081
              ],
              [
                57.7084827,
                -20.0367148
              ],
              [
                57.7056912,
                -20.0365648
              ],
              [
                57.7047899,
                -20.0348034
              ],
              [
                57.703422,
                -20.0338231
              ],
              [
                57.7028507,
                -20.0330672
              ],
              [
                57.702612,
                -20.033488
              ],
              [
                57.7017456,
                -20.0321549
              ],
              [
                57.6978403,
                -20.0291209
              ],
              [
                57.6977676,
                -20.0313751
              ],
              [
                57.700265,
                -20.0329764
              ],
              [
                57.6999689,
                -20.0341661
              ],
              [
                57.7002564,
                -20.0348802
              ]
            ],
            [
              [
                57.696328,
                -20.0391806
              ],
              [
                57.6956765,
                -20.0383331
              ],
              [
                57.6961731,
                -20.0383149
              ],
              [
                57.696328,
                -20.0391806
              ]
            ]
          ],
          [
            [
              [
                57.6969766,
                -20.0404567
              ],
              [
                57.6962778,
                -20.0409437
              ],
              [
                57.6974417,
                -20.0410007
              ],
              [
                57.6969766,
                -20.0404567
              ]
            ]
          ],
          [
            [
              [
                57.7006983,
                -20.0401443
              ],
              [
                57.7003885,
                -20.0393834
              ],
              [
                57.6998646,
                -20.0398573
              ],
              [
                57.7006983,
                -20.0401443
              ]
            ]
          ],
          [
            [
              [
                57.7085169,
                -20.0411105
              ],
              [
                57.7090211,
                -20.0415641
              ],
              [
                57.7091968,
                -20.0410904
              ],
              [
                57.7085169,
                -20.0411105
              ]
            ]
          ],
          [
            [
              [
                57.6978403,
                -20.0291209
              ],
              [
                57.6970544,
                -20.027435
              ],
              [
                57.6981086,
                -20.0268151
              ],
              [
                57.6973794,
                -20.0264097
              ],
              [
                57.6972125,
                -20.0268643
              ],
              [
                57.6962903,
                -20.0266909
              ],
              [
                57.6969465,
                -20.0260375
              ],
              [
                57.6963616,
                -20.0259358
              ],
              [
                57.6970551,
                -20.0255645
              ],
              [
                57.6970088,
                -20.0249452
              ],
              [
                57.6957773,
                -20.0251487
              ],
              [
                57.6959158,
                -20.0257466
              ],
              [
                57.6942743,
                -20.0265064
              ],
              [
                57.6946861,
                -20.0267909
              ],
              [
                57.6943695,
                -20.0272033
              ],
              [
                57.6953392,
                -20.0283699
              ],
              [
                57.6958568,
                -20.0281179
              ],
              [
                57.6963893,
                -20.0292658
              ],
              [
                57.6966843,
                -20.02869
              ],
              [
                57.6978403,
                -20.0291209
              ]
            ]
          ],
          [
            [
              [
                57.6970551,
                -20.0255645
              ],
              [
                57.6974648,
                -20.0258978
              ],
              [
                57.6975378,
                -20.025283
              ],
              [
                57.6970551,
                -20.0255645
              ]
            ]
          ],
          [
            [
              [
                57.6839762,
                -20.0325408
              ],
              [
                57.6840871,
                -20.0337276
              ],
              [
                57.6845739,
                -20.033386
              ],
              [
                57.6839762,
                -20.0325408
              ]
            ]
          ],
          [
            [
              [
                57.6899305,
                -20.0390267
              ],
              [
                57.689217,
                -20.0403596
              ],
              [
                57.6904187,
                -20.0395004
              ],
              [
                57.6899305,
                -20.0390267
              ]
            ]
          ],
          [
            [
              [
                57.6896634,
                -20.0426077
              ],
              [
                57.6911283,
                -20.0430168
              ],
              [
                57.6900659,
                -20.0421151
              ],
              [
                57.6896634,
                -20.0426077
              ]
            ]
          ],
          [
            [
              [
                57.6980611,
                -20.0251542
              ],
              [
                57.6977214,
                -20.0246643
              ],
              [
                57.6975378,
                -20.025283
              ],
              [
                57.6980611,
                -20.0251542
              ]
            ]
          ],
          [
            [
              [
                57.6899305,
                -20.0390267
              ],
              [
                57.68893,
                -20.0379582
              ],
              [
                57.6886699,
                -20.0390637
              ],
              [
                57.6899305,
                -20.0390267
              ]
            ]
          ],
          [
            [
              [
                57.6481846,
                -20.0009979
              ],
              [
                57.648851,
                -20.000785
              ],
              [
                57.6485923,
                -20.0002972
              ],
              [
                57.6481846,
                -20.0009979
              ]
            ]
          ],
          [
            [
              [
                57.8030941,
                -19.8188689
              ],
              [
                57.8042514,
                -19.8213602
              ],
              [
                57.8070896,
                -19.8214787
              ],
              [
                57.8082491,
                -19.8186368
              ],
              [
                57.8081231,
                -19.8172071
              ],
              [
                57.8065362,
                -19.8164173
              ],
              [
                57.8037147,
                -19.816547
              ],
              [
                57.8030941,
                -19.8188689
              ]
            ]
          ],
          [
            [
              [
                57.6249272,
                -19.9477381
              ],
              [
                57.6247435,
                -19.9461919
              ],
              [
                57.6249659,
                -19.945629
              ],
              [
                57.6242794,
                -19.9450952
              ],
              [
                57.6240516,
                -19.9434656
              ],
              [
                57.6250179,
                -19.9420962
              ],
              [
                57.6240545,
                -19.9395542
              ],
              [
                57.6228779,
                -19.9383187
              ],
              [
                57.6236523,
                -19.9362842
              ],
              [
                57.6215061,
                -19.9370182
              ],
              [
                57.6212015,
                -19.9391171
              ],
              [
                57.6170266,
                -19.9386635
              ],
              [
                57.6152752,
                -19.9393602
              ],
              [
                57.6155278,
                -19.9418098
              ],
              [
                57.6178115,
                -19.9436011
              ],
              [
                57.6183877,
                -19.9431788
              ],
              [
                57.6190275,
                -19.9443688
              ],
              [
                57.6216545,
                -19.9441171
              ],
              [
                57.6230655,
                -19.9473528
              ],
              [
                57.6249272,
                -19.9477381
              ]
            ]
          ],
          [
            [
              [
                57.6071039,
                -19.9847831
              ],
              [
                57.6060243,
                -19.9859691
              ],
              [
                57.6024945,
                -19.9857031
              ],
              [
                57.6000215,
                -19.9849078
              ],
              [
                57.5981875,
                -19.9865751
              ],
              [
                57.5965428,
                -19.987404
              ],
              [
                57.5936535,
                -19.9895399
              ],
              [
                57.5914741,
                -19.9899359
              ],
              [
                57.5908231,
                -19.9939608
              ],
              [
                57.5894362,
                -19.9941106
              ],
              [
                57.5888702,
                -19.9938069
              ],
              [
                57.5881514,
                -19.9946967
              ],
              [
                57.5882386,
                -19.9955297
              ],
              [
                57.5861827,
                -19.9957276
              ],
              [
                57.5840154,
                -19.9948668
              ],
              [
                57.5836346,
                -19.9943639
              ],
              [
                57.5823927,
                -19.9957616
              ],
              [
                57.5840838,
                -19.9963867
              ],
              [
                57.5840625,
                -19.9985972
              ],
              [
                57.5805688,
                -20.0009903
              ],
              [
                57.5802805,
                -20.0041593
              ],
              [
                57.5780076,
                -20.0061427
              ],
              [
                57.5773402,
                -20.0079179
              ],
              [
                57.5787275,
                -20.0091803
              ],
              [
                57.5839309,
                -20.0108361
              ],
              [
                57.5834616,
                -20.0144576
              ],
              [
                57.5813051,
                -20.0142561
              ],
              [
                57.5794356,
                -20.0157852
              ],
              [
                57.5772435,
                -20.0159421
              ],
              [
                57.5742384,
                -20.0141562
              ],
              [
                57.5715194,
                -20.0144234
              ],
              [
                57.5702322,
                -20.0151633
              ],
              [
                57.5697199,
                -20.0150783
              ],
              [
                57.5688156,
                -20.0164963
              ],
              [
                57.6118273,
                -20.0496008
              ],
              [
                57.612762,
                -20.0541802
              ],
              [
                57.6132368,
                -20.0642443
              ],
              [
                57.6108482,
                -20.0702719
              ],
              [
                57.6007598,
                -20.0757999
              ],
              [
                57.6449958,
                -20.1036138
              ],
              [
                57.6479247,
                -20.1043896
              ],
              [
                57.6274209,
                -20.1195685
              ],
              [
                57.6428389,
                -20.1524056
              ],
              [
                57.7470822,
                -20.1083786
              ],
              [
                57.7449209,
                -20.1078296
              ],
              [
                57.7413417,
                -20.1073633
              ],
              [
                57.7370401,
                -20.1056145
              ],
              [
                57.7356606,
                -20.1045088
              ],
              [
                57.7338158,
                -20.1044482
              ],
              [
                57.7329397,
                -20.1040398
              ],
              [
                57.7319449,
                -20.1045174
              ],
              [
                57.7296838,
                -20.103112
              ],
              [
                57.7260599,
                -20.1040046
              ],
              [
                57.7255395,
                -20.1046922
              ],
              [
                57.7241126,
                -20.1040978
              ],
              [
                57.7232274,
                -20.1030877
              ],
              [
                57.719593,
                -20.1029857
              ],
              [
                57.7178912,
                -20.1029505
              ],
              [
                57.7171619,
                -20.1029362
              ],
              [
                57.7177872,
                -20.1018547
              ],
              [
                57.7162698,
                -20.0994077
              ],
              [
                57.7162269,
                -20.0986596
              ],
              [
                57.7143171,
                -20.0999342
              ],
              [
                57.7127802,
                -20.0998284
              ],
              [
                57.7096045,
                -20.0995664
              ],
              [
                57.7087203,
                -20.0959282
              ],
              [
                57.7096041,
                -20.0950277
              ],
              [
                57.7099196,
                -20.0928459
              ],
              [
                57.7048205,
                -20.0921897
              ],
              [
                57.7047645,
                -20.091565
              ],
              [
                57.7079657,
                -20.0902968
              ],
              [
                57.7066943,
                -20.0890977
              ],
              [
                57.7082339,
                -20.0881757
              ],
              [
                57.7096662,
                -20.0882387
              ],
              [
                57.7100202,
                -20.0878709
              ],
              [
                57.7114096,
                -20.0863343
              ],
              [
                57.708861,
                -20.0862193
              ],
              [
                57.706642,
                -20.0871578
              ],
              [
                57.7053586,
                -20.0868608
              ],
              [
                57.7039129,
                -20.087876
              ],
              [
                57.703312,
                -20.0875661
              ],
              [
                57.7042133,
                -20.0859363
              ],
              [
                57.7034944,
                -20.0856491
              ],
              [
                57.7044192,
                -20.0853036
              ],
              [
                57.7036259,
                -20.0836036
              ],
              [
                57.7022043,
                -20.0838656
              ],
              [
                57.7020274,
                -20.0816403
              ],
              [
                57.7010375,
                -20.0814573
              ],
              [
                57.7010567,
                -20.0800003
              ],
              [
                57.6996481,
                -20.0803363
              ],
              [
                57.6998975,
                -20.0790054
              ],
              [
                57.6996669,
                -20.0782781
              ],
              [
                57.6997742,
                -20.0777718
              ],
              [
                57.6977572,
                -20.0775501
              ],
              [
                57.6978464,
                -20.0766115
              ],
              [
                57.6941174,
                -20.0767968
              ],
              [
                57.6949811,
                -20.0754339
              ],
              [
                57.6904938,
                -20.0741491
              ],
              [
                57.6914433,
                -20.072698
              ],
              [
                57.6922694,
                -20.0715165
              ],
              [
                57.6914781,
                -20.0712595
              ],
              [
                57.6912515,
                -20.0705503
              ],
              [
                57.6897897,
                -20.0692503
              ],
              [
                57.690074,
                -20.0676644
              ],
              [
                57.6890672,
                -20.0674671
              ],
              [
                57.6893029,
                -20.0669703
              ],
              [
                57.6885263,
                -20.0664355
              ],
              [
                57.6885009,
                -20.0659336
              ],
              [
                57.6865563,
                -20.0667499
              ],
              [
                57.6859327,
                -20.0662384
              ],
              [
                57.6886868,
                -20.0648968
              ],
              [
                57.6888844,
                -20.0638229
              ],
              [
                57.6879618,
                -20.0636082
              ],
              [
                57.6866572,
                -20.064005
              ],
              [
                57.6867829,
                -20.0626999
              ],
              [
                57.6859152,
                -20.0622023
              ],
              [
                57.6860332,
                -20.0601225
              ],
              [
                57.6874508,
                -20.0592829
              ],
              [
                57.6879124,
                -20.0582211
              ],
              [
                57.6873177,
                -20.0574604
              ],
              [
                57.6864748,
                -20.0582153
              ],
              [
                57.6829534,
                -20.0566409
              ],
              [
                57.6810417,
                -20.0570903
              ],
              [
                57.6813903,
                -20.0565763
              ],
              [
                57.681166,
                -20.0557596
              ],
              [
                57.6831901,
                -20.0544397
              ],
              [
                57.6820716,
                -20.0533361
              ],
              [
                57.6829085,
                -20.0520587
              ],
              [
                57.6834154,
                -20.0525223
              ],
              [
                57.6841262,
                -20.0510634
              ],
              [
                57.6835388,
                -20.0509803
              ],
              [
                57.6840266,
                -20.0504111
              ],
              [
                57.6818834,
                -20.0505117
              ],
              [
                57.6802883,
                -20.0493971
              ],
              [
                57.6806205,
                -20.0484934
              ],
              [
                57.6805454,
                -20.0466338
              ],
              [
                57.6819348,
                -20.0470874
              ],
              [
                57.6820877,
                -20.0479466
              ],
              [
                57.6832491,
                -20.0483548
              ],
              [
                57.6847864,
                -20.0493593
              ],
              [
                57.6860815,
                -20.0484757
              ],
              [
                57.6859662,
                -20.047808
              ],
              [
                57.6867709,
                -20.047483
              ],
              [
                57.6854271,
                -20.0471579
              ],
              [
                57.685065,
                -20.0476417
              ],
              [
                57.6853895,
                -20.0485689
              ],
              [
                57.6846009,
                -20.0489141
              ],
              [
                57.6838741,
                -20.0474678
              ],
              [
                57.6834422,
                -20.0476719
              ],
              [
                57.68363,
                -20.0458225
              ],
              [
                57.6820824,
                -20.0458628
              ],
              [
                57.6829916,
                -20.044991
              ],
              [
                57.6830131,
                -20.0435346
              ],
              [
                57.6847485,
                -20.0441191
              ],
              [
                57.685293,
                -20.0438042
              ],
              [
                57.6857167,
                -20.0435068
              ],
              [
                57.6840511,
                -20.0429626
              ],
              [
                57.6850516,
                -20.041171
              ],
              [
                57.6841398,
                -20.0402866
              ],
              [
                57.6856953,
                -20.0397221
              ],
              [
                57.6856302,
                -20.0359827
              ],
              [
                57.6850868,
                -20.0343477
              ],
              [
                57.6831928,
                -20.0341608
              ],
              [
                57.6825196,
                -20.03501
              ],
              [
                57.6794887,
                -20.0319004
              ],
              [
                57.6793197,
                -20.0313158
              ],
              [
                57.6779249,
                -20.0308748
              ],
              [
                57.6807734,
                -20.0299777
              ],
              [
                57.6831204,
                -20.0296199
              ],
              [
                57.6822039,
                -20.02596
              ],
              [
                57.6822569,
                -20.0225476
              ],
              [
                57.6819049,
                -20.021096
              ],
              [
                57.68139,
                -20.0205154
              ],
              [
                57.6792542,
                -20.0210007
              ],
              [
                57.6778809,
                -20.0198263
              ],
              [
                57.6771374,
                -20.0202192
              ],
              [
                57.6758423,
                -20.0180282
              ],
              [
                57.6775297,
                -20.0185649
              ],
              [
                57.6789605,
                -20.0180168
              ],
              [
                57.6815395,
                -20.0186089
              ],
              [
                57.6829653,
                -20.0175975
              ],
              [
                57.6828082,
                -20.0169002
              ],
              [
                57.6819072,
                -20.0154569
              ],
              [
                57.6829176,
                -20.014529
              ],
              [
                57.6824945,
                -20.014288
              ],
              [
                57.6837408,
                -20.0134561
              ],
              [
                57.6836054,
                -20.0129881
              ],
              [
                57.6824839,
                -20.0134058
              ],
              [
                57.68169,
                -20.0125295
              ],
              [
                57.6814589,
                -20.0118493
              ],
              [
                57.6813681,
                -20.0108364
              ],
              [
                57.6833757,
                -20.0105294
              ],
              [
                57.6838851,
                -20.0103539
              ],
              [
                57.6830566,
                -20.0091557
              ],
              [
                57.6820743,
                -20.0087694
              ],
              [
                57.6803535,
                -20.008936
              ],
              [
                57.6795002,
                -20.0082319
              ],
              [
                57.6775846,
                -20.0079355
              ],
              [
                57.6752861,
                -20.0081393
              ],
              [
                57.6723056,
                -20.0072577
              ],
              [
                57.6710087,
                -20.0085192
              ],
              [
                57.6705046,
                -20.0080134
              ],
              [
                57.6700302,
                -20.0081736
              ],
              [
                57.6686766,
                -20.0064975
              ],
              [
                57.664532,
                -20.0052529
              ],
              [
                57.6642792,
                -20.0048528
              ],
              [
                57.6631352,
                -20.005343
              ],
              [
                57.6616962,
                -20.003173
              ],
              [
                57.6623601,
                -20.0025971
              ],
              [
                57.6618059,
                -20.0018291
              ],
              [
                57.6622043,
                -20.0014757
              ],
              [
                57.6606839,
                -20.001101
              ],
              [
                57.6602596,
                -20.0018829
              ],
              [
                57.6586694,
                -20.0007131
              ],
              [
                57.6562165,
                -19.999963
              ],
              [
                57.6562955,
                -19.9995006
              ],
              [
                57.6554494,
                -19.9982871
              ],
              [
                57.6556572,
                -19.9973999
              ],
              [
                57.6532821,
                -19.9970143
              ],
              [
                57.6528557,
                -19.998054
              ],
              [
                57.6533586,
                -19.9995259
              ],
              [
                57.6505878,
                -20.0029934
              ],
              [
                57.650325,
                -20.0038648
              ],
              [
                57.6484294,
                -20.0023358
              ],
              [
                57.6461983,
                -20.0014848
              ],
              [
                57.6440167,
                -20.0009143
              ],
              [
                57.6434244,
                -20.0008545
              ],
              [
                57.6412504,
                -19.9993016
              ],
              [
                57.6411505,
                -19.997749
              ],
              [
                57.6396384,
                -19.9978045
              ],
              [
                57.6390644,
                -19.9968334
              ],
              [
                57.6371768,
                -19.9953671
              ],
              [
                57.6366967,
                -19.9924773
              ],
              [
                57.6353408,
                -19.9920765
              ],
              [
                57.6345697,
                -19.9936147
              ],
              [
                57.6325344,
                -19.9926445
              ],
              [
                57.6322429,
                -19.9907847
              ],
              [
                57.6335592,
                -19.988438
              ],
              [
                57.6331294,
                -19.9878709
              ],
              [
                57.6327116,
                -19.9868639
              ],
              [
                57.631376,
                -19.9870644
              ],
              [
                57.6301709,
                -19.9866433
              ],
              [
                57.6296378,
                -19.9851732
              ],
              [
                57.6260885,
                -19.9861323
              ],
              [
                57.622312,
                -19.9860447
              ],
              [
                57.6210186,
                -19.9862873
              ],
              [
                57.6205002,
                -19.9851864
              ],
              [
                57.6135492,
                -19.9835996
              ],
              [
                57.6118286,
                -19.9823657
              ],
              [
                57.6109193,
                -19.9819107
              ],
              [
                57.6091518,
                -19.9823229
              ],
              [
                57.6075304,
                -19.9850742
              ],
              [
                57.6071039,
                -19.9847831
              ]
            ],
            [
              [
                57.7100202,
                -20.0878709
              ],
              [
                57.7094007,
                -20.0878407
              ],
              [
                57.7097627,
                -20.0874251
              ],
              [
                57.7100202,
                -20.0878709
              ]
            ],
            [
              [
                57.6805454,
                -20.0466338
              ],
              [
                57.6805401,
                -20.0455881
              ],
              [
                57.6810175,
                -20.0461803
              ],
              [
                57.6805454,
                -20.0466338
              ]
            ],
            [
              [
                57.6325802,
                -19.9878829
              ],
              [
                57.6319968,
                -19.9880064
              ],
              [
                57.6323421,
                -19.9874878
              ],
              [
                57.6325802,
                -19.9878829
              ]
            ]
          ],
          [
            [
              [
                57.5909838,
                -19.9889661
              ],
              [
                57.5900303,
                -19.9882124
              ],
              [
                57.5893611,
                -19.9882616
              ],
              [
                57.5904125,
                -19.9893845
              ],
              [
                57.5909838,
                -19.9889661
              ]
            ]
          ],
          [
            [
              [
                57.7102197,
                -20.0951184
              ],
              [
                57.7108745,
                -20.0954279
              ],
              [
                57.7109255,
                -20.0947465
              ],
              [
                57.7102197,
                -20.0951184
              ]
            ]
          ],
          [
            [
              [
                57.6886122,
                -20.0595619
              ],
              [
                57.6891673,
                -20.0599322
              ],
              [
                57.6895891,
                -20.0590913
              ],
              [
                57.6886122,
                -20.0595619
              ]
            ]
          ],
          [
            [
              [
                57.6622043,
                -20.0014757
              ],
              [
                57.6634419,
                -20.0017028
              ],
              [
                57.6637334,
                -20.0012165
              ],
              [
                57.6617165,
                -19.9998799
              ],
              [
                57.6615483,
                -20.0003061
              ],
              [
                57.6622043,
                -20.0014757
              ]
            ]
          ],
          [
            [
              [
                57.6335592,
                -19.988438
              ],
              [
                57.6349787,
                -19.9880448
              ],
              [
                57.6346928,
                -19.9876015
              ],
              [
                57.6335592,
                -19.988438
              ]
            ]
          ]
        ]
      }
    },
    {
      "id": "10",
      "type": "Feature",
      "properties": {
        "name": "Grand Port",
        "id": "6ed8d4f2-7353-47a3-8fad-856f4f8c745f",
        "cases": 157,
        "intensity": "Low",
        "color": "#FFFF00",
        "layerName": "Low Risk - Yellow"
      },
      "geometry": {
        "type": "MultiPolygon",
        "coordinates": [
          [
            [
              [
                57.7101516,
                -20.4482491
              ],
              [
                57.7095063,
                -20.4502598
              ],
              [
                57.7103971,
                -20.4514061
              ],
              [
                57.7122195,
                -20.4492018
              ],
              [
                57.7101516,
                -20.4482491
              ]
            ]
          ],
          [
            [
              [
                57.6265727,
                -20.4942882
              ],
              [
                57.629024,
                -20.4953304
              ],
              [
                57.6317829,
                -20.4947806
              ],
              [
                57.6322952,
                -20.4948836
              ],
              [
                57.6332661,
                -20.4949892
              ],
              [
                57.6369075,
                -20.4927673
              ],
              [
                57.6382497,
                -20.4928787
              ],
              [
                57.6408032,
                -20.4914391
              ],
              [
                57.6426217,
                -20.4911526
              ],
              [
                57.6466355,
                -20.4898009
              ],
              [
                57.6479378,
                -20.4907657
              ],
              [
                57.648493,
                -20.4905622
              ],
              [
                57.6489007,
                -20.4902431
              ],
              [
                57.6509714,
                -20.4892205
              ],
              [
                57.6515052,
                -20.4894718
              ],
              [
                57.652047,
                -20.4894492
              ],
              [
                57.6524225,
                -20.488517
              ],
              [
                57.6529106,
                -20.4885547
              ],
              [
                57.6533747,
                -20.4882105
              ],
              [
                57.6555902,
                -20.4868436
              ],
              [
                57.6561736,
                -20.4871263
              ],
              [
                57.6571298,
                -20.4854391
              ],
              [
                57.6581262,
                -20.4852657
              ],
              [
                57.6600654,
                -20.4844793
              ],
              [
                57.6624995,
                -20.4830421
              ],
              [
                57.6637776,
                -20.4833072
              ],
              [
                57.6651952,
                -20.4823976
              ],
              [
                57.6672028,
                -20.4806186
              ],
              [
                57.6693311,
                -20.4807367
              ],
              [
                57.669771,
                -20.4801431
              ],
              [
                57.6711336,
                -20.479356
              ],
              [
                57.6714742,
                -20.4797405
              ],
              [
                57.6726182,
                -20.4787429
              ],
              [
                57.6740438,
                -20.4780708
              ],
              [
                57.6741859,
                -20.4785846
              ],
              [
                57.6774207,
                -20.4774539
              ],
              [
                57.6773643,
                -20.4769916
              ],
              [
                57.6790622,
                -20.476533
              ],
              [
                57.6798803,
                -20.4757942
              ],
              [
                57.6807695,
                -20.4761488
              ],
              [
                57.6803738,
                -20.4747741
              ],
              [
                57.6775561,
                -20.471601
              ],
              [
                57.6806387,
                -20.4703471
              ],
              [
                57.683927,
                -20.4686887
              ],
              [
                57.6853298,
                -20.4682326
              ],
              [
                57.6907334,
                -20.4625103
              ],
              [
                57.6910907,
                -20.4609895
              ],
              [
                57.691975,
                -20.4583265
              ],
              [
                57.6944931,
                -20.4574785
              ],
              [
                57.6977123,
                -20.4579081
              ],
              [
                57.7003475,
                -20.4563198
              ],
              [
                57.6994094,
                -20.4549973
              ],
              [
                57.7004564,
                -20.4528941
              ],
              [
                57.7060365,
                -20.4491097
              ],
              [
                57.7067155,
                -20.4498181
              ],
              [
                57.708653,
                -20.4481032
              ],
              [
                57.7064254,
                -20.4478707
              ],
              [
                57.7058715,
                -20.4446726
              ],
              [
                57.7045724,
                -20.444065
              ],
              [
                57.70436,
                -20.4448907
              ],
              [
                57.7005493,
                -20.4453493
              ],
              [
                57.6987905,
                -20.4436698
              ],
              [
                57.6994559,
                -20.4407247
              ],
              [
                57.7043482,
                -20.4425544
              ],
              [
                57.7021327,
                -20.439277
              ],
              [
                57.7110072,
                -20.443972
              ],
              [
                57.713659,
                -20.4424788
              ],
              [
                57.7164867,
                -20.4432546
              ],
              [
                57.7168123,
                -20.4455462
              ],
              [
                57.7192607,
                -20.4447223
              ],
              [
                57.7271988,
                -20.435358
              ],
              [
                57.7275196,
                -20.4263964
              ],
              [
                57.7248462,
                -20.4248694
              ],
              [
                57.7242722,
                -20.4256505
              ],
              [
                57.7211154,
                -20.4227116
              ],
              [
                57.7199674,
                -20.4223698
              ],
              [
                57.7205254,
                -20.4207355
              ],
              [
                57.7184799,
                -20.4193783
              ],
              [
                57.7193161,
                -20.4181913
              ],
              [
                57.7183412,
                -20.416607
              ],
              [
                57.7178825,
                -20.4168559
              ],
              [
                57.7173072,
                -20.4169765
              ],
              [
                57.7154632,
                -20.4169313
              ],
              [
                57.714924,
                -20.4183565
              ],
              [
                57.7173118,
                -20.4199427
              ],
              [
                57.7166755,
                -20.4211844
              ],
              [
                57.7141292,
                -20.4189309
              ],
              [
                57.71318,
                -20.4199707
              ],
              [
                57.711806,
                -20.4189659
              ],
              [
                57.7108567,
                -20.4168163
              ],
              [
                57.7115633,
                -20.416039
              ],
              [
                57.710914,
                -20.4155433
              ],
              [
                57.7110795,
                -20.4142433
              ],
              [
                57.7106697,
                -20.4132904
              ],
              [
                57.7119199,
                -20.4094016
              ],
              [
                57.7100605,
                -20.4079301
              ],
              [
                57.7095616,
                -20.4065864
              ],
              [
                57.7100834,
                -20.4050358
              ],
              [
                57.7096307,
                -20.4039185
              ],
              [
                57.7087683,
                -20.4047398
              ],
              [
                57.7076484,
                -20.4031166
              ],
              [
                57.7088434,
                -20.4026641
              ],
              [
                57.7067627,
                -20.4015761
              ],
              [
                57.7033831,
                -20.4012883
              ],
              [
                57.7027822,
                -20.4016348
              ],
              [
                57.704237,
                -20.402747
              ],
              [
                57.7049963,
                -20.4063507
              ],
              [
                57.7035732,
                -20.40787
              ],
              [
                57.7039077,
                -20.4048951
              ],
              [
                57.7025647,
                -20.4025247
              ],
              [
                57.699631,
                -20.4018914
              ],
              [
                57.7000968,
                -20.3990726
              ],
              [
                57.6982869,
                -20.3975651
              ],
              [
                57.6958624,
                -20.3965361
              ],
              [
                57.6945372,
                -20.3963558
              ],
              [
                57.6929013,
                -20.3952994
              ],
              [
                57.6937607,
                -20.3948952
              ],
              [
                57.6979583,
                -20.3940806
              ],
              [
                57.7012563,
                -20.394523
              ],
              [
                57.7000363,
                -20.3913267
              ],
              [
                57.7024604,
                -20.3885226
              ],
              [
                57.7023985,
                -20.3867683
              ],
              [
                57.7028359,
                -20.3859662
              ],
              [
                57.7022276,
                -20.3852263
              ],
              [
                57.7036562,
                -20.3818027
              ],
              [
                57.703486,
                -20.374687
              ],
              [
                57.7044448,
                -20.3749623
              ],
              [
                57.704576,
                -20.3741727
              ],
              [
                57.7013004,
                -20.3711794
              ],
              [
                57.7022606,
                -20.3708475
              ],
              [
                57.7019517,
                -20.3696636
              ],
              [
                57.7038793,
                -20.3686498
              ],
              [
                57.7086094,
                -20.3699322
              ],
              [
                57.7092843,
                -20.3694059
              ],
              [
                57.7091445,
                -20.3698882
              ],
              [
                57.7102012,
                -20.3698239
              ],
              [
                57.713715,
                -20.3751056
              ],
              [
                57.7134958,
                -20.3770491
              ],
              [
                57.7129398,
                -20.3787992
              ],
              [
                57.7176525,
                -20.3786471
              ],
              [
                57.7215457,
                -20.3757782
              ],
              [
                57.7255878,
                -20.3750126
              ],
              [
                57.7282271,
                -20.3761818
              ],
              [
                57.7305834,
                -20.3731924
              ],
              [
                57.7352679,
                -20.3710788
              ],
              [
                57.7388751,
                -20.3662616
              ],
              [
                57.7402827,
                -20.3660464
              ],
              [
                57.7398022,
                -20.3656626
              ],
              [
                57.7441165,
                -20.358941
              ],
              [
                57.7456897,
                -20.3555735
              ],
              [
                57.7447769,
                -20.3541625
              ],
              [
                57.7459785,
                -20.3531649
              ],
              [
                57.7475563,
                -20.3529025
              ],
              [
                57.7476984,
                -20.3517972
              ],
              [
                57.7498154,
                -20.3527146
              ],
              [
                57.7516565,
                -20.3517737
              ],
              [
                57.7549177,
                -20.3526279
              ],
              [
                57.7585796,
                -20.3529562
              ],
              [
                57.7629705,
                -20.3513043
              ],
              [
                57.7652563,
                -20.3481955
              ],
              [
                57.7654132,
                -20.3421535
              ],
              [
                57.7661481,
                -20.3406081
              ],
              [
                57.7645574,
                -20.3404286
              ],
              [
                57.7636497,
                -20.3386012
              ],
              [
                57.7640453,
                -20.3372326
              ],
              [
                57.7665853,
                -20.338073
              ],
              [
                57.7668469,
                -20.3387018
              ],
              [
                57.7767737,
                -20.3390212
              ],
              [
                57.7790652,
                -20.3379331
              ],
              [
                57.7787961,
                -20.3355643
              ],
              [
                57.7740285,
                -20.333717
              ],
              [
                57.7686721,
                -20.3325827
              ],
              [
                57.7683127,
                -20.3309365
              ],
              [
                57.7704333,
                -20.3292263
              ],
              [
                57.7717716,
                -20.3277406
              ],
              [
                57.7703478,
                -20.3256118
              ],
              [
                57.7714435,
                -20.3233225
              ],
              [
                57.7701197,
                -20.3220046
              ],
              [
                57.770429,
                -20.318988
              ],
              [
                57.7744885,
                -20.3167104
              ],
              [
                57.7793959,
                -20.3152785
              ],
              [
                57.7810186,
                -20.3124965
              ],
              [
                57.7810566,
                -20.3082338
              ],
              [
                57.7808869,
                -20.3053721
              ],
              [
                57.7801654,
                -20.3024943
              ],
              [
                57.7769574,
                -20.3005961
              ],
              [
                57.7750652,
                -20.2994454
              ],
              [
                57.7728724,
                -20.2978052
              ],
              [
                57.7743906,
                -20.2946858
              ],
              [
                57.7792162,
                -20.2913222
              ],
              [
                57.7798173,
                -20.2917302
              ],
              [
                57.7800021,
                -20.2912712
              ],
              [
                57.7795458,
                -20.2886436
              ],
              [
                57.7774266,
                -20.2841757
              ],
              [
                57.7704338,
                -20.2886863
              ],
              [
                57.7704642,
                -20.2902662
              ],
              [
                57.7663383,
                -20.2914604
              ],
              [
                57.7607829,
                -20.2964985
              ],
              [
                57.7595097,
                -20.3003535
              ],
              [
                57.7592741,
                -20.3032856
              ],
              [
                57.7568352,
                -20.3089825
              ],
              [
                57.7558857,
                -20.3134408
              ],
              [
                57.7504912,
                -20.3174756
              ],
              [
                57.749923,
                -20.319334
              ],
              [
                57.7448309,
                -20.3209929
              ],
              [
                57.7400991,
                -20.3215287
              ],
              [
                57.7331428,
                -20.3274026
              ],
              [
                57.7318297,
                -20.3306163
              ],
              [
                57.7292725,
                -20.3294765
              ],
              [
                57.7267601,
                -20.3294955
              ],
              [
                57.72222,
                -20.3325993
              ],
              [
                57.7187829,
                -20.3328883
              ],
              [
                57.7138421,
                -20.3338604
              ],
              [
                57.7082766,
                -20.3327639
              ],
              [
                57.7056976,
                -20.3348326
              ],
              [
                57.7031716,
                -20.3346406
              ],
              [
                57.6958501,
                -20.3308749
              ],
              [
                57.690666,
                -20.3305099
              ],
              [
                57.6894772,
                -20.3295268
              ],
              [
                57.6845956,
                -20.3287069
              ],
              [
                57.6824766,
                -20.3270871
              ],
              [
                57.6797301,
                -20.3288175
              ],
              [
                57.6758784,
                -20.3282391
              ],
              [
                57.666716,
                -20.3259553
              ],
              [
                57.6596224,
                -20.3261884
              ],
              [
                57.6575107,
                -20.3281197
              ],
              [
                57.6537717,
                -20.3292799
              ],
              [
                57.6502228,
                -20.3272371
              ],
              [
                57.6466861,
                -20.3285558
              ],
              [
                57.6427973,
                -20.3339523
              ],
              [
                57.6391638,
                -20.3355855
              ],
              [
                57.6357576,
                -20.3354891
              ],
              [
                57.6275323,
                -20.3331469
              ],
              [
                57.6236203,
                -20.3347686
              ],
              [
                57.620285,
                -20.3375867
              ],
              [
                57.6163349,
                -20.3372657
              ],
              [
                57.61397,
                -20.3361348
              ],
              [
                57.6064068,
                -20.3372459
              ],
              [
                57.6018825,
                -20.3347668
              ],
              [
                57.5214887,
                -20.3967315
              ],
              [
                57.5205114,
                -20.3983608
              ],
              [
                57.5219035,
                -20.3994594
              ],
              [
                57.5232446,
                -20.398939
              ],
              [
                57.5241753,
                -20.399037
              ],
              [
                57.5258088,
                -20.3983784
              ],
              [
                57.5270748,
                -20.3990948
              ],
              [
                57.5266752,
                -20.3994418
              ],
              [
                57.5274906,
                -20.3999245
              ],
              [
                57.5277695,
                -20.3989968
              ],
              [
                57.5291562,
                -20.3995122
              ],
              [
                57.5300306,
                -20.3987429
              ],
              [
                57.5306274,
                -20.3994631
              ],
              [
                57.5317714,
                -20.40092
              ],
              [
                57.5366168,
                -20.4016051
              ],
              [
                57.5373155,
                -20.4002714
              ],
              [
                57.5393701,
                -20.4019532
              ],
              [
                57.5410263,
                -20.4018062
              ],
              [
                57.5419664,
                -20.4018011
              ],
              [
                57.542688,
                -20.4017886
              ],
              [
                57.5445347,
                -20.402813
              ],
              [
                57.545401,
                -20.4022222
              ],
              [
                57.5453889,
                -20.4036615
              ],
              [
                57.5474086,
                -20.4043729
              ],
              [
                57.549026,
                -20.4036765
              ],
              [
                57.5547673,
                -20.4049775
              ],
              [
                57.5617222,
                -20.403762
              ],
              [
                57.5631639,
                -20.4049046
              ],
              [
                57.561855,
                -20.4062533
              ],
              [
                57.5620468,
                -20.4070313
              ],
              [
                57.5628984,
                -20.4098883
              ],
              [
                57.5647035,
                -20.4101925
              ],
              [
                57.5666253,
                -20.415068
              ],
              [
                57.566219,
                -20.4167949
              ],
              [
                57.5673857,
                -20.4186425
              ],
              [
                57.5669512,
                -20.4196542
              ],
              [
                57.5685864,
                -20.4231442
              ],
              [
                57.5700455,
                -20.4232649
              ],
              [
                57.5717728,
                -20.4254266
              ],
              [
                57.5718372,
                -20.4266733
              ],
              [
                57.5755601,
                -20.4297498
              ],
              [
                57.5763862,
                -20.4311976
              ],
              [
                57.5764291,
                -20.4324342
              ],
              [
                57.5782423,
                -20.433128
              ],
              [
                57.5780385,
                -20.4349979
              ],
              [
                57.5801521,
                -20.4360234
              ],
              [
                57.5796371,
                -20.4404972
              ],
              [
                57.5806563,
                -20.4411306
              ],
              [
                57.5796585,
                -20.4419047
              ],
              [
                57.5822013,
                -20.444237
              ],
              [
                57.5849693,
                -20.4479767
              ],
              [
                57.5866108,
                -20.4476751
              ],
              [
                57.5866215,
                -20.449555
              ],
              [
                57.5882309,
                -20.4478359
              ],
              [
                57.5890892,
                -20.448238
              ],
              [
                57.589411,
                -20.4498063
              ],
              [
                57.5920074,
                -20.4532141
              ],
              [
                57.5926833,
                -20.4508316
              ],
              [
                57.5936811,
                -20.4524401
              ],
              [
                57.5937669,
                -20.4539479
              ],
              [
                57.5961595,
                -20.4555261
              ],
              [
                57.5956767,
                -20.4562097
              ],
              [
                57.5983911,
                -20.4568128
              ],
              [
                57.6015883,
                -20.4594666
              ],
              [
                57.5999253,
                -20.4605321
              ],
              [
                57.6037555,
                -20.4614368
              ],
              [
                57.6036482,
                -20.4652163
              ],
              [
                57.6049984,
                -20.4647904
              ],
              [
                57.6059929,
                -20.4635204
              ],
              [
                57.6068352,
                -20.4633944
              ],
              [
                57.6066618,
                -20.4655795
              ],
              [
                57.6085128,
                -20.4665477
              ],
              [
                57.6098648,
                -20.4689782
              ],
              [
                57.6116733,
                -20.4680299
              ],
              [
                57.6128306,
                -20.4689616
              ],
              [
                57.6106823,
                -20.4710107
              ],
              [
                57.6128483,
                -20.4718164
              ],
              [
                57.6126926,
                -20.4741639
              ],
              [
                57.6109265,
                -20.4743164
              ],
              [
                57.6119952,
                -20.4755591
              ],
              [
                57.6146023,
                -20.4768456
              ],
              [
                57.6143019,
                -20.4781824
              ],
              [
                57.6133471,
                -20.4784035
              ],
              [
                57.6141517,
                -20.4793181
              ],
              [
                57.6156752,
                -20.4786849
              ],
              [
                57.6170271,
                -20.4807252
              ],
              [
                57.618336,
                -20.4811775
              ],
              [
                57.6190226,
                -20.483067
              ],
              [
                57.6174991,
                -20.48366
              ],
              [
                57.620471,
                -20.4847354
              ],
              [
                57.6202886,
                -20.4862027
              ],
              [
                57.6212435,
                -20.4874691
              ],
              [
                57.6202994,
                -20.4879414
              ],
              [
                57.6191406,
                -20.4878208
              ],
              [
                57.6198595,
                -20.4887455
              ],
              [
                57.6219409,
                -20.4894791
              ],
              [
                57.6220911,
                -20.4919916
              ],
              [
                57.6229279,
                -20.4932077
              ],
              [
                57.6227653,
                -20.4947781
              ],
              [
                57.626043,
                -20.4941563
              ],
              [
                57.6263742,
                -20.4937983
              ],
              [
                57.6265727,
                -20.4942882
              ]
            ],
            [
              [
                57.7173072,
                -20.4169765
              ],
              [
                57.7180327,
                -20.4189573
              ],
              [
                57.7167962,
                -20.4187034
              ],
              [
                57.7165951,
                -20.4180524
              ],
              [
                57.7173072,
                -20.4169765
              ]
            ],
            [
              [
                57.7136681,
                -20.4208832
              ],
              [
                57.7162356,
                -20.4221572
              ],
              [
                57.7169357,
                -20.4229289
              ],
              [
                57.7182527,
                -20.4231626
              ],
              [
                57.7188856,
                -20.426512
              ],
              [
                57.7181386,
                -20.4264496
              ],
              [
                57.7161739,
                -20.4237533
              ],
              [
                57.7166574,
                -20.4233038
              ],
              [
                57.7153271,
                -20.4232222
              ],
              [
                57.7136681,
                -20.4208832
              ]
            ]
          ],
          [
            [
              [
                57.7211154,
                -20.4227116
              ],
              [
                57.723304,
                -20.4228826
              ],
              [
                57.7216597,
                -20.420458
              ],
              [
                57.7211254,
                -20.4203789
              ],
              [
                57.7205254,
                -20.4207355
              ],
              [
                57.7211154,
                -20.4227116
              ]
            ]
          ]
        ]
      }
    }
  ]
}